layer,label,index,theta,radius,x,y
φ₀,Hush / Cradle,0,0.0,0.0,0.0,0.0
φ₀,Hush / Cradle,1,2.399963229728653,1.0,-0.7373688780783197,0.6754902942615238
φ₀,Hush / Cradle,2,4.799926459457306,1.4142135623730951,0.12363864559502138,-1.4087985964343621
φ₀,Hush / Cradle,3,7.199889689185959,1.7320508075688772,1.0538470205147268,1.3745568221620497
φ₀,Hush / Cradle,4,9.599852918914612,2.0,-1.9694269706308574,-0.3483639007586233
φ₀,Hush / Cradle,5,11.999816148643266,2.23606797749979,1.8866941955758958,-1.2001604111035422
φ₀,Hush / Cradle,6,14.399779378371917,2.449489742783178,-0.635898082038553,2.3655091691345627
φ₀,Hush / Cradle,7,16.799742608100573,2.6457513110645907,-1.2194453649142762,-2.347967845177844
φ₀,Hush / Cradle,8,19.199705837829224,2.8284271247461903,2.6568018333748897,0.9702597684001061
φ₀,Hush / Cradle,9,21.599669067557876,3.0,-2.773036668413414,1.1446692254248088
φ₀,Hush / Cradle,10,23.99963229728653,3.1622776601683795,1.3403187214918457,-2.864183256151475
φ₀,Hush / Cradle,11,26.399595527015183,3.3166247903554,0.9926122841712307,3.1646043754808235
φ₀,Hush / Cradle,12,28.799558756743835,3.4641016151377544,-2.9971795491414537,-1.7369268119895633
φ₀,Hush / Cradle,13,31.19952198647249,3.605551275463989,3.521454581319849,-0.7741819112466066
φ₀,Hush / Cradle,14,33.599485216201145,3.7416573867739413,-2.1519372768917853,3.0609093348747796
φ₀,Hush / Cradle,15,35.999448445929794,3.872983346207417,-0.49771976140112834,-3.8408690473785754
φ₀,Hush / Cradle,16,38.39941167565845,4.0,3.058595981824173,2.577787931535297
φ₀,Hush / Cradle,17,40.799374905387104,4.123105625617661,-4.119584716091114,0.17035776163269098
φ₀,Hush / Cradle,18,43.19933813511575,4.242640687119285,3.0073085133506017,-2.992673638325601
φ₀,Hush / Cradle,19,45.59930136484441,4.358898943540674,-0.20134384491006577,4.354246278762472
φ₀,Hush / Cradle,20,47.99926459457306,4.47213595499958,-2.8653384038891683,-3.4336330367699275
φ₀,Hush / Cradle,21,50.39922782430171,4.58257569495584,4.541650602805143,0.6110726651059321
φ₀,Hush / Cradle,22,52.799191054030366,4.69041575982343,-3.850166880287243,2.6788458324321702
φ₀,Hush / Cradle,23,55.19915428375902,4.795831523312719,1.0525956694116374,-4.678893283324152
φ₀,Hush / Cradle,24,57.59911751348767,4.898979485566356,2.435678907070912,4.250584461182937
φ₀,Hush / Cradle,25,59.999080743216325,5.0,-4.7634638859834535,-1.519674901724516
φ₀,Hush / Cradle,26,62.39904397294498,5.0990195135927845,4.62884470441333,-2.1386436595245724
φ₀,Hush / Cradle,27,64.79900720267364,5.196152422706632,-2.006032227609403,4.79331145470357
φ₀,Hush / Cradle,28,67.19897043240229,5.291502622129181,-1.7909211243064769,-4.97921695917268
φ₀,Hush / Cradle,29,69.59893366213093,5.385164807134504,4.766891005950999,2.5053443151358374
φ₀,Hush / Cradle,30,71.99889689185959,5.477225575051661,-5.296312842870199,1.3960910681070222
φ₀,Hush / Cradle,31,74.39886012158824,5.5677643628300215,3.0112570857032286,-4.683196639454945
φ₀,Hush / Cradle,32,76.7988233513169,5.656854249492381,0.9581363211912816,5.575121056086051
φ₀,Hush / Cradle,33,79.19878658104555,5.744562646538029,-4.541784358263451,-3.5174130896204754
φ₀,Hush / Cradle,34,81.59874981077421,5.830951894845301,5.811043126965286,-0.4814330447211802
φ₀,Hush / Cradle,35,83.99871304050286,5.916079783099616,-4.017487592669849,4.342786368536199
φ₀,Hush / Cradle,36,86.3986762702315,6.0,0.029269662980670484,-5.999928606811
φ₀,Hush / Cradle,37,88.79863949996016,6.082762530298219,4.0869179180944695,4.505230508060421
φ₀,Hush / Cradle,38,91.19860272968882,6.164414002968976,-6.1381086030632295,-0.5688785256987186
φ₀,Hush / Cradle,39,93.59856595941747,6.244997998398398,4.974512119299716,-3.7754773439844995
φ₀,Hush / Cradle,40,95.99852918914613,6.324555320336759,-1.131991572873186,6.222426783735112
φ₀,Hush / Cradle,41,98.39849241887478,6.4031242374328485,-3.4103397878411563,-5.419371045745764
φ₀,Hush / Cradle,42,100.79845564860342,6.48074069840786,6.250267164954253,1.7129391018640276
φ₀,Hush / Cradle,43,103.19841887833208,6.557438524302,-5.834063230160403,2.993944927097081
φ₀,Hush / Cradle,44,105.59838210806073,6.6332495807108,2.3058291171073653,-6.2195781273893385
φ₀,Hush / Cradle,45,107.99834533778939,6.708203932499369,2.5292790181008407,6.213110947713299
φ₀,Hush / Cradle,46,110.39830856751804,6.782329983125268,-6.128892214086734,-2.904596396766168
φ₀,Hush / Cradle,47,112.7982717972467,6.855654600401044,6.5513509901593245,-2.0198515301225584
φ₀,Hush / Cradle,48,115.19823502697534,6.928203230275509,-3.503054434163047,5.977341351411228
φ₀,Hush / Cradle,49,117.598198256704,7.0,-1.4696666530084996,-6.843981292276798
φ₀,Hush / Cradle,50,119.99816148643265,7.0710678118654755,5.76466721247869,4.09494956371543
φ₀,Hush / Cradle,51,122.3981247161613,7.14142842854285,-7.086605355446325,0.8831899773884733
φ₀,Hush / Cradle,52,124.79808794588996,7.211102550927978,4.674016622598716,-5.49122651250801
φ₀,Hush / Cradle,53,127.19805117561862,7.280109889280518,0.2653106694985794,7.275273895094961
φ₀,Hush / Cradle,54,129.59801440534727,7.3484692283495345,-5.157991090299893,-5.234035528384091
φ₀,Hush / Cradle,55,131.99797763507593,7.416198487095663,7.406523200751739,0.37870051059672993
φ₀,Hush / Cradle,56,134.39794086480458,7.483314773547883,-5.768888174883491,4.766542691059153
φ₀,Hush / Cradle,57,136.79790409453324,7.54983443527075,1.043236970610896,-7.47740975359453
φ₀,Hush / Cradle,58,139.19786732426186,7.615773105863909,4.319062423897525,6.272615066977762
φ₀,Hush / Cradle,59,141.59783055399052,7.681145747868608,-7.485540699153151,-1.7224054230412074
φ₀,Hush / Cradle,60,143.99779378371917,7.745966692414834,6.739471132676981,-3.818314923079766
φ₀,Hush / Cradle,61,146.39775701344783,7.810249675906654,-2.410077966943256,7.429099823885439
φ₀,Hush / Cradle,62,148.79772024317649,7.874007874011811,-3.267627295640393,-7.163980168648281
φ₀,Hush / Cradle,63,151.19768347290514,7.937253933193772,7.306868734670485,3.0999466599112546
φ₀,Hush / Cradle,64,153.5976467026338,8.0,-7.5409873950070185,2.67086298943717
φ₀,Hush / Cradle,65,155.99760993236245,8.06225774829855,3.785580104670517,-7.118242990452261
φ₀,Hush / Cradle,66,158.3975731620911,8.12403840463596,2.03239076497276,7.865709616967401
φ₀,Hush / Cradle,67,160.79753639181976,8.18535277187245,-6.86324298562459,-4.46048155699302
φ₀,Hush / Cradle,68,163.19749962154842,8.246211251235321,8.133782515425388,-1.3570490012376957
φ₀,Hush / Cradle,69,165.59746285127707,8.306623862918075,-5.1181480476641,6.542519435369845
φ₀,Hush / Cradle,70,167.99742608100573,8.366600265340756,-0.6501056102210901,-8.341304615919446
φ₀,Hush / Cradle,71,170.39738931073435,8.426149773176359,6.157353364008793,5.752130001202129
φ₀,Hush / Cradle,72,172.797352540463,8.48528137423857,-8.484877515776738,-0.0827861236340914
φ₀,Hush / Cradle,73,175.19731577019166,8.54400374531753,6.356090828162587,-5.709650548338964
φ₀,Hush / Cradle,74,177.59727899992032,8.602325267042627,-0.8356354241304723,8.561641982583614
φ₀,Hush / Cradle,75,179.99724222964898,8.660254037844387,-5.201930418721217,-6.923865966263566
φ₀,Hush / Cradle,76,182.39720545937763,8.717797887081348,8.569309573315453,1.6021652338894832
φ₀,Hush / Cradle,77,184.7971686891063,8.774964387392123,-7.449520848340097,4.637309471034498
φ₀,Hush / Cradle,78,187.19713191883494,8.831760866327848,2.3758663326403617,-8.506189462351873
φ₀,Hush / Cradle,79,189.5970951485636,8.888194417315589,4.019479292270886,7.927407282271141
φ₀,Hush / Cradle,80,191.99705837829225,8.94427190999916,-8.371210207962406,-3.1500539128887963
φ₀,Hush / Cradle,81,194.3970216080209,9.0,8.352217739526044,-3.352679351137899
φ₀,Hush / Cradle,82,196.79698483774956,9.055385138137417,-3.917926138387042,8.163936230406483
φ₀,Hush / Cradle,83,199.19694806747822,9.1104335791443,-2.6416647522428898,-8.719037064765669
φ₀,Hush / Cradle,84,201.59691129720684,9.16515138991168,7.884578820243295,4.6726241906845924
φ₀,Hush / Cradle,85,203.9968745269355,9.219544457292887,-9.0233911389071,1.8916691979024318
φ₀,Hush / Cradle,86,206.39683775666415,9.273618495495704,5.407293293162175,-7.5340015424556
φ₀,Hush / Cradle,87,208.7968009863928,9.327379053088816,1.1083634450004227,9.261292052072799
φ₀,Hush / Cradle,88,211.19676421612147,9.38083151964686,-7.113719950202414,-6.115144190457997
φ₀,Hush / Cradle,89,213.59672744585012,9.433981132056603,9.429279370710882,-0.2978095852826337
φ₀,Hush / Cradle,90,215.99669067557878,9.486832980505138,-6.789514554197385,6.625895571041086
φ₀,Hush / Cradle,91,218.39665390530743,9.539392014169456,0.5335884843254842,-9.52445711468088
φ₀,Hush / Cradle,92,220.7966171350361,9.591663046625438,6.073324177924158,7.423929783466559
φ₀,Hush / Cradle,93,223.19658036476474,9.643650760992955,-9.544526094990951,-1.3791379996348347
φ₀,Hush / Cradle,94,225.5965435944934,9.695359714832659,8.012162670581947,-5.4594184067657965
φ₀,Hush / Cradle,95,227.99650682422205,9.746794344808963,-2.231913241807743,9.48781130087668
φ₀,Hush / Cradle,96,230.39647005395068,9.797958971132712,-4.788184831492389,-8.548291409367499
φ₀,Hush / Cradle,97,232.79643328367933,9.848857801796104,9.353284065715341,3.0848139629539255
φ₀,Hush / Cradle,98,235.196396513408,9.899494936611665,-9.026755434325706,4.064195655830475
φ₀,Hush / Cradle,99,237.59635974313665,9.9498743710662,3.9306258386646404,-9.140578784542141
φ₀,Hush / Cradle,100,239.9963229728653,10.0,3.2925552282507264,9.442408594681698
φ₀,Hush / Cradle,101,242.39628620259396,10.04987562112089,-8.850004001324624,-4.762082441174043
φ₀,Hush / Cradle,102,244.7962494323226,10.099504938362077,9.790569187186158,-2.4788616320644006
φ₀,Hush / Cradle,103,247.19621266205127,10.14889156509222,-5.571928210825296,8.482547731277979
φ₀,Hush / Cradle,104,249.59617589177992,10.198039027185569,-1.6291636463043353,-10.06706639560703
φ₀,Hush / Cradle,105,251.99613912150858,10.246950765959598,8.039876931987967,6.352981891874694
φ₀,Hush / Cradle,106,254.39610235123723,10.295630140987,-10.268282712850645,0.7499134143170146
φ₀,Hush / Cradle,107,256.7960655809659,10.344080432788601,7.098199891532851,-7.524331086538061
φ₀,Hush / Cradle,108,259.19602881069454,10.392304845413264,-0.1520848043872843,10.391191953393724
φ₀,Hush / Cradle,109,261.5959920404232,10.44030650891055,-6.9389099118080315,-7.800739018568193
φ₀,Hush / Cradle,110,263.99595527015185,10.488088481701515,10.433392498929653,1.0697293878726581
φ₀,Hush / Cradle,111,266.3959184998805,10.535653752852738,-8.454018059829597,6.287255255202785
φ₀,Hush / Cradle,112,268.79588172960916,10.583005244258363,1.9956791676637144,-10.393135458549219
φ₀,Hush / Cradle,113,271.1958449593378,10.63014581273465,5.573627292863798,9.05177765967789
φ₀,Hush / Cradle,114,273.5958081890665,10.677078252031311,-10.26934746607689,-2.922413834654528
φ₀,Hush / Cradle,115,275.99577141879513,10.723805294763608,9.588137978510089,-4.802875191492325
φ₀,Hush / Cradle,116,278.3957346485237,10.770329614269007,-3.842296438084863,10.061647881032231
φ₀,Hush / Cradle,117,280.7956978782524,10.816653826391969,-3.980402443860088,-10.057653622237776
φ₀,Hush / Cradle,118,283.19566110798104,10.862780491200215,9.770360205721731,4.747637459879303
φ₀,Hush / Cradle,119,285.5956243377097,10.908712114635714,-10.455365354629214,3.1121271344884276
φ₀,Hush / Cradle,120,287.99558756743835,10.954451150103322,5.630759930146173,-9.396517578819306
φ₀,Hush / Cradle,121,290.395550797167,11.0,2.2044374364663537,10.776848128683342
φ₀,Hush / Cradle,122,292.79551402689566,11.045361017187261,-8.941862255052826,-6.4840650375872695
φ₀,Hush / Cradle,123,295.1954772566243,11.090536506409418,11.018255001506356,-1.2641426825244662
φ₀,Hush / Cradle,124,297.59544048635297,11.135528725660043,-7.300097681021879,8.408839030897129
φ₀,Hush / Cradle,125,299.9954037160816,11.180339887498949,-0.29842039299380596,-11.176356529256099
φ₀,Hush / Cradle,126,302.3953669458103,11.224972160321824,7.800582627040548,8.071611405333707
φ₀,Hush / Cradle,127,304.79533017553894,11.269427669584644,-11.248575274384603,-0.685240320255129
φ₀,Hush / Cradle,128,307.1952934052676,11.313708498984761,8.791632166901294,-7.1208990894343165
φ₀,Hush / Cradle,129,309.59525663499625,11.357816691600547,-1.6790985216483802,11.233015096339818
φ₀,Hush / Cradle,130,311.9952198647249,11.40175425099138,-6.3742413215204765,-9.453520379997117
φ₀,Hush / Cradle,131,314.39518309445356,11.445523142259598,11.128484938781604,2.675223909752418
φ₀,Hush / Cradle,132,316.7951463241822,11.489125293076057,-10.05103070669849,5.565678910340051
φ₀,Hush / Cradle,133,319.19510955391087,11.532562594670797,3.6655614577206657,-10.934516870885187
φ₀,Hush / Cradle,134,321.5950727836395,11.575836902790225,4.700862458228315,10.578369068472684
φ₀,Hush / Cradle,135,323.9950360133682,11.61895003862225,-10.65137818708727,-4.641997707414499
φ₀,Hush / Cradle,136,326.39499924309683,11.661903789690601,11.030246377668997,-3.785982679294768
φ₀,Hush / Cradle,137,328.7949624728255,11.704699910719626,-5.5964281710602215,10.280077418296203
φ₀,Hush / Cradle,138,331.19492570255414,11.74734012447073,-2.8277245654590484,-11.401928511523804
φ₀,Hush / Cradle,139,333.5948889322828,11.789826122551595,9.822364157740463,6.52082528156793
φ₀,Hush / Cradle,140,335.99485216201145,11.832159566199232,-11.689282079777133,1.8332169700832444
φ₀,Hush / Cradle,141,338.39481539174005,11.874342087037917,7.407306324502836,-9.280722655859309
φ₀,Hush / Cradle,142,340.7947786214687,11.916375287812984,0.8099779978357013,11.888815569392186
φ₀,Hush / Cradle,143,343.19474185119736,11.958260743101398,-8.658359190520244,-8.248200781257308
φ₀,Hush / Cradle,144,345.594705080926,12.0,11.997715485911217,0.23414337301373844
φ₀,Hush / Cradle,145,347.9946683106547,12.041594578792296,-9.036116514253356,7.959183270966802
φ₀,Hush / Cradle,146,350.39463154038333,12.083045973594572,1.2910289754338775,-12.01387715038697
φ₀,Hush / Cradle,147,352.794594770112,12.12435565298214,7.187782785791266,9.764004231066409
φ₀,Hush / Cradle,148,355.19455799984064,12.165525060596439,-11.935929853292668,-2.3523559546286466
φ₀,Hush / Cradle,149,357.5945212295693,12.206555615733702,10.425219675105387,-6.349393256508491
φ₀,Hush / Cradle,150,359.99448445929795,12.24744871391589,-3.4096635675382005,11.763256111987134
φ₀,Hush / Cradle,151,362.3944476890266,12.288205727444508,-5.449861408501955,-11.01358300591234
φ₀,Hush / Cradle,152,364.79441091875526,12.328828005937952,11.496004825844004,4.454421740716896
φ₀,Hush / Cradle,153,367.1943741484839,12.36931687685298,-11.523434852105183,4.495603319832344
φ₀,Hush / Cradle,154,369.5943373782126,12.409673645990857,5.478100828330606,-11.13509817265405
φ₀,Hush / Cradle,155,371.9943006079412,12.449899597988733,3.4935574552187387,11.949688544354851
φ₀,Hush / Cradle,156,374.3942638376699,12.489995996796797,-10.68223214098079,-6.472241998426583
φ₀,Hush / Cradle,157,376.79422706739854,12.529964086141668,12.287878064377463,-2.4511329370295623
φ₀,Hush / Cradle,158,379.1941902971272,12.569805089976535,-7.428527666708349,10.139870645375542
φ₀,Hush / Cradle,159,381.59415352685585,12.609520212918492,-1.3761534469754644,-12.534201278517013
φ₀,Hush / Cradle,160,383.9941167565845,12.649110640673518,9.511233224312281,8.338851392892083
φ₀,Hush / Cradle,161,386.39407998631316,12.68857754044952,-12.685558060843958,0.2767971910206798
φ₀,Hush / Cradle,162,388.7940432160418,12.727922061357855,9.195386655386875,-8.80027637395173
φ₀,Hush / Cradle,163,391.19400644577047,12.767145334803704,-0.8384666045120142,12.739582950517574
φ₀,Hush / Cradle,164,393.5939696754991,12.806248474865697,-8.011668623948855,-9.990653925546287
φ₀,Hush / Cradle,165,395.9939329052278,12.84523257866513,12.694672031143114,1.9609441658835616
φ₀,Hush / Cradle,166,398.39389613495644,12.884098726725126,-10.717585473060778,7.150759514040213
φ₀,Hush / Cradle,167,400.79385936468503,12.922847983320086,3.0817860863384605,-12.550003765658825
φ₀,Hush / Cradle,168,403.1938225944137,12.96148139681572,6.223542681651661,11.369587349137174
φ₀,Hush / Cradle,169,405.59378582414234,13.0,-12.30555356854815,-4.19205813075056
φ₀,Hush / Cradle,170,407.993749053871,13.038404810405298,11.9405980138447,-5.236613320817951
φ₀,Hush / Cradle,171,410.39371228359965,13.076696830622021,-5.28281336007889,11.962101947507888
φ₀,Hush / Cradle,172,412.7936755133283,13.114877048604,-4.197120320907058,-12.425143098243538
φ₀,Hush / Cradle,173,415.19363874305697,13.152946437965905,11.521236098697395,6.345164990610722
φ₀,Hush / Cradle,174,417.5936019727856,13.19090595827292,-12.818385820505508,3.1127134395352525
φ₀,Hush / Cradle,175,419.9935652025143,13.228756555322953,7.370359393071713,-10.985344892945307
φ₀,Hush / Cradle,176,422.39352843224293,13.2664991614216,1.991485907334137,13.116172607925284
φ₀,Hush / Cradle,177,424.7934916619716,13.30413469565007,-10.357607244349342,-8.349848631670039
φ₀,Hush / Cradle,178,427.19345489170024,13.341664064126334,13.31507351330451,-0.8419129024410461
φ₀,Hush / Cradle,179,429.5934181214289,13.379088160259652,-9.27536194301738,9.641973907142917
φ₀,Hush / Cradle,180,431.99338135115755,13.416407864998739,0.32721363056391245,-13.412417054355759
φ₀,Hush / Cradle,181,434.3933445808862,13.45362404707371,8.843142801069012,10.13897555968557
φ₀,Hush / Cradle,182,436.79330781061486,13.490737563232042,-13.406319148220916,-1.5068533093984797
φ₀,Hush / Cradle,183,439.1932710403435,13.527749258468683,10.933180292891715,-7.966528019352237
φ₀,Hush / Cradle,184,441.5932342700722,13.564659966250536,-2.687788253452634,13.295705859584968
φ₀,Hush / Cradle,185,443.99319749980083,13.601470508735444,-7.018222726249565,-11.650946303401888
φ₀,Hush / Cradle,186,446.3931607295295,13.638181696985855,13.080329729826001,3.8606960718282477
φ₀,Hush / Cradle,187,448.79312395925814,13.674794331177344,-12.28578450910843,6.004956202650548
φ₀,Hush / Cradle,188,451.1930871889868,13.711309200802088,5.016224317619779,-12.760779505787253
φ₀,Hush / Cradle,189,453.59305041871545,13.74772708486752,4.934045347860294,12.83180410173325
φ₀,Hush / Cradle,190,455.9930136484441,13.784048752090222,-12.338483139678594,-6.145065810214484
φ₀,Hush / Cradle,191,458.39297687817276,13.820274961085254,13.283765673566005,-3.813340993117392
φ₀,Hush / Cradle,192,460.79294010790136,13.856406460551018,-7.238034216403642,11.815703985889714
φ₀,Hush / Cradle,193,463.19290333763,13.892443989449804,-2.651169427175911,-13.637129487850723
φ₀,Hush / Cradle,194,465.59286656735867,13.92838827718412,11.195530175683993,8.28613927503932
φ₀,Hush / Cradle,195,467.9928297970873,13.96424004376894,-13.888098463142144,1.4562695760293463
φ₀,Hush / Cradle,196,470.392793026816,14.0,9.280661048893913,-10.481857206408764
φ₀,Hush / Cradle,197,472.79275625654464,14.035668847618199,0.23772631724648885,14.033655482378368
φ₀,Hush / Cradle,198,475.1927194862733,14.071247279470288,-9.679363837518663,-10.213222591373205
φ₀,Hush / Cradle,199,477.59268271600195,14.106735979665885,14.071594681261516,0.9950995559704781
φ₁,Witness / Illumination,200,479.9926459457306,14.142135623730951,-11.075860424703789,8.793481440958436
φ₁,Witness / Illumination,201,482.39260917545926,14.177446878757825,2.232644175211364,-14.000546417440098
φ₁,Witness / Illumination,202,484.7925724051879,14.212670403551895,7.830357007788968,11.86109224020158
φ₁,Witness / Illumination,203,487.19253563491657,14.247806848775006,-13.819995671601268,-3.4652156696116756
φ₁,Witness / Illumination,204,489.5924988646452,14.2828568570857,12.561981250082024,-6.796810065949145
φ₁,Witness / Illumination,205,491.9924620943739,14.317821063276353,-4.683070876914013,13.53029368350147
φ₁,Witness / Illumination,206,494.39242532410253,14.352700094407323,-5.700283815274356,-13.17219664389054
φ₁,Witness / Illumination,207,496.7923885538312,14.38749456993816,13.13266267978547,5.876493081674637
φ₁,Witness / Illumination,208,499.19235178355984,14.422205101855956,-13.686069630838956,4.548790834917305
φ₁,Witness / Illumination,209,501.5923150132885,14.45683229480096,7.03587015719084,-12.629193605735535
φ₁,Witness / Illumination,210,503.99227824301715,14.491376746189438,3.3508537647271917,14.098644581923953
φ₁,Witness / Illumination,211,506.3922414727458,14.52583904633395,-12.022836829412865,-8.151772480467887
φ₁,Witness / Illumination,212,508.79220470247446,14.560219778561036,14.405724822433887,-2.115441405549227
φ₁,Witness / Illumination,213,511.1921679322031,14.594519519326424,-9.215029987376704,11.317385843548328
φ₁,Witness / Illumination,214,513.5921311619318,14.628738838327793,-0.8519007234390316,-14.603912666042756
φ₁,Witness / Illumination,215,515.9920943916604,14.66287829861518,10.5174540475501,10.216807738118204
φ₁,Witness / Illumination,216,518.3920576213891,14.696938456699069,-14.690643325833914,-0.4301147208961102
φ₁,Witness / Illumination,217,520.7920208511177,14.730919862656235,11.148679371208978,-9.628444748659016
φ₁,Witness / Illumination,218,523.1919840808464,14.7648230602334,-1.7207193638287601,14.66421238495081
φ₁,Witness / Illumination,219,525.591947310575,14.798648586948742,-8.65651457713627,-12.002697837395859
φ₁,Witness / Illumination,220,527.9919105403037,14.832396974191326,14.523796559768883,3.009872670138322
φ₁,Witness / Illumination,221,530.3918737700324,14.866068747318506,-12.771462823112358,7.608530564955294
φ₁,Witness / Illumination,222,532.791836999761,14.89966442575134,4.287457998939364,-14.269467541128886
φ₁,Witness / Illumination,223,535.1918002294897,14.933184523068078,6.492021190340858,13.448184296185314
φ₁,Witness / Illumination,224,537.5917634592183,14.966629547095765,-13.902198753852867,-5.543362680573208
φ₁,Witness / Illumination,225,539.991726688947,15.0,14.02674163432293,-5.315121741216442
φ₁,Witness / Illumination,226,542.3916899186756,15.033296378372908,-6.767558667128895,13.423864931046072
φ₁,Witness / Illumination,227,544.7916531484043,15.066519173319364,-4.086514398763642,-14.501737829263686
φ₁,Witness / Illumination,228,547.191616378133,15.0996688705415,12.837234457124087,7.950183110647582
φ₁,Witness / Illumination,229,549.5915796078616,15.132745950421556,-14.868548296100188,2.8153634874623648
φ₁,Witness / Illumination,230,551.9915428375903,15.165750888103101,9.081618219631533,-12.14595449163451
φ₁,Witness / Illumination,231,554.3915060673188,15.198684153570664,1.5112463797884754,15.123363857937699
φ₁,Witness / Illumination,232,556.7914692970475,15.231546211727817,-11.354528944300986,-10.1525697462776
φ₁,Witness / Illumination,233,559.1914325267761,15.264337522473747,15.263227520396681,-0.1840805818260958
φ₁,Witness / Illumination,234,561.5913957565048,15.297058540778355,-11.154143463908632,10.468289429823022
φ₁,Witness / Illumination,235,563.9913589862334,15.329709716755891,1.1559524398600303,-15.286064698174663
φ₁,Witness / Illumination,236,566.3913222159621,15.362291495737216,9.493359388387553,12.07791900630708
φ₁,Witness / Illumination,237,568.7912854456907,15.394804318340652,-15.190706606595214,-2.4984861000903202
φ₁,Witness / Illumination,238,571.1912486754194,15.427248620541512,12.916020458100922,-8.436611614026004
φ₁,Witness / Illumination,239,573.591211905148,15.459624833740307,-3.8330495904941486,14.976906584365567
φ₁,Witness / Illumination,240,575.9911751348767,15.491933384829668,-7.305619487563103,-13.661183107730395
φ₁,Witness / Illumination,241,578.3911383646054,15.524174696260024,14.645349169254754,5.149150193052162
φ₁,Witness / Illumination,242,580.791101594334,15.556349186104045,-14.306815801848252,6.108602263364759
φ₁,Witness / Illumination,243,583.1910648240627,15.588457268119896,6.436356361022105,-14.197651805630757
φ₁,Witness / Illumination,244,585.5910280537913,15.620499351813308,4.8543648090578575,14.847058371966503
φ₁,Witness / Illumination,245,587.99099128352,15.652475842498529,-13.636359121315891,-7.6843809063908886
φ₁,Witness / Illumination,246,590.3909545132486,15.684387141358123,15.27683364057358,-3.5522322444118832
φ₁,Witness / Illumination,247,592.7909177429773,15.716233645501712,-8.883163628138892,12.964929770566068
φ₁,Witness / Illumination,248,595.1908809727059,15.748015748023622,-2.2119799692559767,-15.591893554524106
φ₁,Witness / Illumination,249,597.5908442024346,15.7797338380595,12.187715899677901,10.022952716078157
φ₁,Witness / Illumination,250,599.9908074321633,15.811388300841896,-15.7888590379435,0.8437596102859366
φ₁,Witness / Illumination,251,602.3907706618919,15.84297951775486,11.09438427085708,-11.309935351298833
φ₁,Witness / Illumination,252,604.7907338916206,15.874507866387544,-0.5419785474464972,15.865253204853296
φ₁,Witness / Illumination,253,607.1906971213492,15.905973720586866,-10.337636782478814,-12.088559291890041
φ₁,Witness / Illumination,254,609.5906603510779,15.937377450509228,15.819527622841788,1.9345660469845867
φ₁,Witness / Illumination,255,611.9906235808065,15.968719422671311,-12.997117501407716,9.277657929380737
φ₁,Witness / Illumination,256,614.3905868105352,16.0,3.3231990395233844,-15.651081372982215
φ₁,Witness / Illumination,257,616.7905500402638,16.0312195418814,8.137577307889012,13.81230739442653
φ₁,Witness / Illumination,258,619.1905132699925,16.06237840420901,-15.360272707418059,-4.697022711649146
φ₁,Witness / Illumination,259,621.5904764997211,16.09347693943108,14.527051931055782,-6.925659693661567
φ₁,Witness / Illumination,260,623.9904397294498,16.1245154965971,-6.045216696319015,14.948423164151656
φ₁,Witness / Illumination,261,626.3904029591785,16.15549442140351,-5.650795777012979,-15.135009319009097
φ₁,Witness / Illumination,262,628.7903661889071,16.186414056238647,14.41781405813033,7.357080792350957
φ₁,Witness / Illumination,263,631.1903294186358,16.217274740226856,-15.630628370234358,4.32243643696757
φ₁,Witness / Illumination,264,633.5902926483644,16.24807680927192,8.622120310758275,-13.771675328252902
φ₁,Witness / Illumination,265,635.9902558780931,16.278820596099706,2.950522124472993,16.0091979559563
φ₁,Witness / Illumination,266,638.3902191078217,16.30950643030009,-13.014166780937073,-9.83013036525732
φ₁,Witness / Illumination,267,640.7901823375504,16.34013463836819,16.266890128835836,-1.5454078867351204
φ₁,Witness / Illumination,268,643.190145567279,16.3707055437449,-10.97127842873608,12.150351831908013
φ₁,Witness / Illumination,269,645.5901087970077,16.401219466856727,-0.11778460256867346,-16.40079652905303
φ₁,Witness / Illumination,270,647.9900720267364,16.431676725154983,11.186163908400557,12.036184487386224
φ₁,Witness / Illumination,271,650.390035256465,16.46207763315433,-16.4089577425494,-1.3214029677687813
φ₁,Witness / Illumination,272,652.7899984861937,16.492422502470642,13.015998139519054,-10.128365733524662
φ₁,Witness / Illumination,273,655.1899617159223,16.522711641858304,-2.7610406858696264,16.29038533402364
φ₁,Witness / Illumination,274,657.589924945651,16.55294535724685,-8.984501772643428,-13.902472006710427
φ₁,Witness / Illumination,275,659.9898881753796,16.583123951777,16.045076334141065,4.189931435189172
φ₁,Witness / Illumination,276,662.3898514051083,16.61324772583615,-14.688030850711721,7.762844177783079
φ₁,Witness / Illumination,277,664.789814634837,16.64331697709324,5.596882742477122,-15.674020019349273
φ₁,Witness / Illumination,278,667.1897778645656,16.673332000533065,6.4723326198751305,15.365835820341836
φ₁,Witness / Illumination,279,669.5897410942943,16.703293088490067,-15.179196883227561,-6.970794931728707
φ₁,Witness / Illumination,280,671.9897043240229,16.73320053068151,15.929843288117153,-5.122508449581017
φ₁,Witness / Illumination,281,674.3896675537516,16.76305461424021,-8.30074911359194,14.563569759959357
φ₁,Witness / Illumination,282,676.7896307834801,16.792855623746664,-3.723443675148478,-16.374857776420434
φ₁,Witness / Illumination,283,679.1895940132088,16.822603841260722,13.831067122819016,9.576094310525296
φ₁,Witness / Illumination,284,681.5895572429374,16.852299546352718,-16.696578517261486,2.2856652897837475
φ₁,Witness / Illumination,285,683.9895204726661,16.881943016134134,10.786533020942578,-12.986558643001441
φ₁,Witness / Illumination,286,686.3894837023947,16.911534525287763,0.8200755210904975,16.891639237791818
φ₁,Witness / Illumination,287,688.7894469321234,16.941074346097416,-12.035823156234914,-11.922204534054911
φ₁,Witness / Illumination,288,691.189410161852,16.97056274847714,16.957640815377154,0.6621313892687497
φ₁,Witness / Illumination,289,693.5893733915807,17.0,-12.97376532121728,10.985509245819236
φ₁,Witness / Illumination,290,695.9893366213093,17.029386365926403,2.149555236464178,-16.893176500746964
φ₁,Witness / Illumination,291,698.389299851038,17.05872210923198,9.84308871065847,13.932465849019968
φ₁,Witness / Illumination,292,700.7892630807667,17.08800749063506,-16.697849465172283,-3.6306780686871374
φ₁,Witness / Illumination,293,703.1892263104953,17.11724276862369,14.790223184208756,-8.616803244898529
φ₁,Witness / Illumination,294,705.589189540224,17.146428199482248,-5.093953882463307,16.37228248728127
φ₁,Witness / Illumination,295,707.9891527699526,17.175564037317667,-7.315604711545915,-15.539688790461897
φ₁,Witness / Illumination,296,710.3891159996813,17.204650534085253,15.918119656561428,6.527899095374606
φ₁,Witness / Illumination,297,712.7890792294099,17.233687939614086,-16.174310951941827,5.949089445444129
φ₁,Witness / Illumination,298,715.1890424591386,17.26267650163207,7.9211830844359525,-15.338020033330434
φ₁,Witness / Illumination,299,717.5890056888672,17.291616465790582,4.52742707079105,16.68839129810505
φ₁,Witness / Illumination,300,719.9889689185959,17.320508075688775,-14.635643268491714,-9.262718073948559
φ₁,Witness / Illumination,301,722.3889321483246,17.349351572897472,17.077134948203952,-3.061284364581511
φ₁,Witness / Illumination,302,724.7888953780532,17.378147196982766,-10.541747657902865,13.815627250222823
φ₁,Witness / Illumination,303,727.1888586077819,17.406895185529212,-1.5617447395682122,-17.33669384191897
φ₁,Witness / Illumination,304,729.5888218375105,17.435595774162696,12.883557908367612,11.747933248948025
φ₁,Witness / Illumination,305,731.9887850672392,17.46424919657298,-17.46420287425644,0.04022395819658111
φ₁,Witness / Illumination,306,734.3887482969678,17.4928556845359,12.871437758552759,-11.845931370209028
φ₁,Witness / Illumination,307,736.7887115266965,17.52141546793523,-1.4916172778371986,17.457808507841342
φ₁,Witness / Illumination,308,739.1886747564251,17.549928774784245,-10.71010872298454,-13.903005831180913
φ₁,Witness / Illumination,309,741.5886379861538,17.578395831246947,17.31668959360315,3.021963189517116
φ₁,Witness / Illumination,310,743.9886012158825,17.60681686165901,-14.834039978975081,9.484263698472803
φ₁,Witness / Illumination,311,746.3885644456111,17.635192088548397,4.538934538003603,-17.041070191150496
φ₁,Witness / Illumination,312,748.7885276753398,17.663521732655695,8.177323652744521,15.656671992421156
φ₁,Witness / Illumination,313,751.1884909050684,17.69180601295413,-16.632224242387018,-6.030681284146388
φ₁,Witness / Illumination,314,753.5884541347971,17.72004514666935,16.36382903654946,-6.798904269261381
φ₁,Witness / Illumination,315,755.9884173645257,17.74823934929885,-7.485475564416037,16.09247201565162
φ₁,Witness / Illumination,316,758.3883805942544,17.776388834631177,-5.359238465474927,-16.94929388116726
φ₁,Witness / Illumination,317,760.788343823983,17.804493814764857,15.42516830237118,8.891804251304873
φ₁,Witness / Illumination,318,763.1883070537117,17.832554500127006,-17.407758757125865,3.8691000314941095
φ₁,Witness / Illumination,319,765.5882702834404,17.86057109949175,10.238460365671362,-14.634682413382826
φ₁,Witness / Illumination,320,767.988233513169,17.88854381999832,2.339722573855146,17.734872378379062
φ₁,Witness / Illumination,321,770.3881967428977,17.916472867168917,-13.726370087200506,-11.51463261373142
φ₁,Witness / Illumination,322,772.7881599726263,17.944358444926362,17.927279721227865,-0.7827143775684332
φ₁,Witness / Illumination,323,775.188123202355,17.97220075561143,-12.709992332420853,12.70653748704985
φ₁,Witness / Illumination,324,777.5880864320836,18.0,0.7900301649037789,-17.982654207278248
φ₁,Witness / Illumination,325,779.9880496618123,18.027756377319946,11.582397526960476,13.81477714360459
φ₁,Witness / Illumination,326,782.3880128915409,18.05547008526779,-17.8997219948416,-2.3664218785719187
φ₁,Witness / Illumination,327,784.7879761212696,18.083141320025124,14.819870639983506,-10.362018829077414
φ₁,Witness / Illumination,328,787.1879393509982,18.110770276274835,-3.934270180295697,17.67827814433397
φ₁,Witness / Illumination,329,789.5879025807269,18.138357147217054,-9.054267674135437,-15.716877453397222
φ₁,Witness / Illumination,330,791.9878658104556,18.16590212458495,17.319194486210368,5.4813777783346
φ₁,Witness / Illumination,331,794.3878290401842,18.193405398660254,-16.498193089345083,7.668743364247242
φ₁,Witness / Illumination,332,796.7877922699129,18.2208671582886,6.995635958603076,-16.824419084613282
φ₁,Witness / Illumination,333,799.1877554996414,18.24828759089466,6.2157074713257,17.157067949708242
φ₁,Witness / Illumination,334,801.5877187293701,18.275666882497067,-16.196967255717336,-8.465119710743636
φ₁,Witness / Illumination,335,803.9876819590987,18.303005217723125,17.68766500858068,-4.706007495131165
φ₁,Witness / Illumination,336,806.3876451888274,18.33030277982336,-9.87818194459661,15.44090416618941
φ₁,Witness / Illumination,337,808.787608418556,18.35755975068582,-3.150995501758702,-18.085110653460113
φ₁,Witness / Illumination,338,811.1875716482847,18.384776310850235,14.56131910376515,11.223546050973559
φ₁,Witness / Illumination,339,813.5875348780133,18.411952639521967,-18.345538255520832,1.5624423558075569
φ₁,Witness / Illumination,340,815.987498107742,18.439088914585774,12.490396069989439,-13.564291578066005
φ₁,Witness / Illumination,341,818.3874613374707,18.466185312619388,-0.0475518026082666,18.46612408780112
φ₁,Witness / Illumination,342,820.7874245671993,18.49324200890693,-12.45684947503178,-13.668463745293414
φ₁,Witness / Illumination,343,823.187387796928,18.520259177452136,18.445115268569648,1.6666501520051302
φ₁,Witness / Illumination,344,825.5873510266566,18.547236990991408,-14.748111763502882,11.24691955209194
φ₁,Witness / Illumination,345,827.9873142563853,18.57417562100671,3.2823741431779214,-18.281849468371547
φ₁,Witness / Illumination,346,830.3872774861139,18.601075237738275,9.943270623005183,15.720412504692174
φ₁,Witness / Illumination,347,832.7872407158426,18.627936010197157,-17.976766182852874,-4.882200078554487
φ₁,Witness / Illumination,348,835.1872039455712,18.65475810617763,16.5772216617989,-8.555449840632885
φ₁,Witness / Illumination,349,837.5871671752999,18.681541692269406,-6.453656567003433,17.53140943892343
φ₂,Recursion / Spiral,350,839.9871304050286,18.708286933869708,-7.093712542305318,-17.311246124041453
φ₂,Recursion / Spiral,351,842.3870936347572,18.734993995195193,16.948421868631733,7.9844220932316405
φ₂,Recursion / Spiral,352,844.7870568644859,18.76166303929372,-17.91610556162147,5.56894617542999
φ₂,Recursion / Spiral,353,847.1870200942145,18.788294228055936,9.462421936252214,-16.231530152771576
φ₂,Recursion / Spiral,354,849.5869833239432,18.81488772222678,3.992588870145076,18.386387195803138
φ₂,Recursion / Spiral,355,851.9869465536718,18.841443681416774,-15.385521904185191,-10.875923672766271
φ₂,Recursion / Spiral,356,854.3869097834005,18.867962264113206,18.71769328956795,-2.3765432707322556
φ₂,Recursion / Spiral,357,856.7868730131291,18.894443627691185,-12.213630508698671,14.416214128438336
φ₂,Recursion / Spiral,358,859.1868362428578,18.920887928424502,-0.7330862777989305,-18.90668094905351
φ₂,Recursion / Spiral,359,861.5867994725864,18.947295321496416,13.330413466481144,13.464771695526746
φ₂,Recursion / Spiral,360,863.9867627023151,18.973665961010276,-18.951093884481296,-0.925224611419142
φ₂,Recursion / Spiral,361,866.3867259320438,19.0,14.619189307362335,-12.135868489543832
φ₂,Recursion / Spiral,362,868.7866891617724,19.026297590440446,-2.585647647197677,18.84978584081371
φ₂,Recursion / Spiral,363,871.1866523915011,19.05255888325765,-10.841214380323837,-15.66742067986494
φ₂,Recursion / Spiral,364,873.5866156212297,19.078784028338912,18.602735472482845,4.23535511389878
φ₂,Recursion / Spiral,365,875.9865788509584,19.1049731745428,-16.600775842803937,9.455910395989225
φ₂,Recursion / Spiral,366,878.386542080687,19.131126469708992,5.861532798136828,-18.21105250270742
φ₂,Recursion / Spiral,367,880.7865053104157,19.157244060668017,7.990170567156748,17.411409314232493
φ₂,Recursion / Spiral,368,883.1864685401443,19.183326093250876,-17.676975075647185,-7.45147986476163
φ₂,Recursion / Spiral,369,885.586431769873,19.209372712298546,18.09238566552361,-6.454888142327155
φ₂,Recursion / Spiral,370,887.9863949996017,19.235384061671343,-8.992708359990319,17.00385827840729
φ₂,Recursion / Spiral,371,890.3863582293303,19.261360284258224,-4.861554338824001,-18.637738312645705
φ₂,Recursion / Spiral,372,892.786321459059,19.28730152198591,16.196153879162026,10.473041560239551
φ₂,Recursion / Spiral,373,895.1862846887876,19.313207915827967,-19.04252103967826,3.2221720086629078
φ₂,Recursion / Spiral,374,897.5862479185163,19.339079605813716,11.880710390577418,-15.259381396872737
φ₂,Recursion / Spiral,375,899.9862111482449,19.364916731037084,1.5491648705841712,19.302851815308223
φ₂,Recursion / Spiral,376,902.3861743779736,19.390719429665317,-14.200090686683332,-13.204447148213719
φ₂,Recursion / Spiral,377,904.7861376077022,19.4164878389476,19.4159485214899,0.14471700264424953
φ₂,Recursion / Spiral,378,907.1861008374309,19.44222209522358,-14.43357578401358,13.025816292545233
φ₂,Recursion / Spiral,379,909.5860640671596,19.467922333931785,1.8464947199233275,-19.38015627515153
φ₂,Recursion / Spiral,380,911.9860272968882,19.493588689617926,11.745023884415373,15.55809801854045
φ₂,Recursion / Spiral,381,914.3859905266169,19.519221295943137,-19.194966088317265,-3.5430603816969084
φ₂,Recursion / Spiral,382,916.7859537563455,19.544820285692065,16.568774598449846,-10.36704916096009
φ₂,Recursion / Spiral,383,919.1859169860742,19.570385790780925,-5.221278393855979,18.86102467878807
φ₂,Recursion / Spiral,384,921.5858802158027,19.595917942265423,-8.902029659576817,-17.457201033957723
φ₂,Recursion / Spiral,385,923.9858434455314,19.621416870348583,18.380135312074152,6.86808750015932
φ₂,Recursion / Spiral,386,926.38580667526,19.6468827043885,-18.21587719835527,7.3608299732055045
φ₂,Recursion / Spiral,387,928.7857699049887,19.672315572906,8.470602738412435,-17.75524962505455
φ₂,Recursion / Spiral,388,931.1857331347173,19.697715603592208,5.754960927445332,18.838270215802126
φ₂,Recursion / Spiral,389,933.585696364446,19.72308292331602,-16.990450452340493,-10.016216522547959
φ₂,Recursion / Spiral,390,935.9856595941746,19.748417658131498,19.318870113658644,-4.096493321316034
φ₂,Recursion / Spiral,391,938.3856228239033,19.77371993328519,-11.492698056025194,16.090925746924405
φ₂,Recursion / Spiral,392,940.785586053632,19.79898987322333,-2.397966880440848,-19.65323776990216
φ₂,Recursion / Spiral,393,943.1855492833606,19.82422760159901,15.062933756939708,12.888290291347657
φ₂,Recursion / Spiral,394,945.5855125130893,19.849433241279208,-19.838044744444137,0.6722951118612003
φ₂,Recursion / Spiral,395,947.9854757428179,19.87460691435179,14.19180366620529,-13.913759689597995
φ₂,Recursion / Spiral,396,950.3854389725466,19.8997487421324,-1.0673332150558577,19.871104644886717
φ₂,Recursion / Spiral,397,952.7854022022752,19.924858845171276,-12.65166416111618,-15.392705868505654
φ₂,Recursion / Spiral,398,955.1853654320039,19.949937343260004,19.75139574199985,2.807555207455446
φ₂,Recursion / Spiral,399,957.5853286617325,19.974984355438178,-16.481206910297047,11.285823797134922
φ₂,Recursion / Spiral,400,959.9852918914612,20.0,4.534936829503909,-19.479074617455755
φ₂,Recursion / Spiral,401,962.3852551211899,20.024984394500787,9.826264411241905,17.44833882409328
φ₂,Recursion / Spiral,402,964.7852183509185,20.049937655763422,-19.055480695609763,-6.236076928586096
φ₂,Recursion / Spiral,403,967.1851815806472,20.074859899884732,18.286029334147482,-8.2837872492416
φ₂,Recursion / Spiral,404,969.5851448103758,20.09975124224178,-7.897711499467081,18.48313158182848
φ₂,Recursion / Spiral,405,971.9851080401045,20.12461179749811,-6.669888843273049,-18.987168899506365
φ₂,Recursion / Spiral,406,974.3850712698331,20.149441679609886,17.765709201488974,9.506817373239581
φ₂,Recursion / Spiral,407,976.7850344995618,20.174241001832016,-19.54567057488057,4.996675072310394
φ₂,Recursion / Spiral,408,979.1849977292904,20.199009876724155,11.050714518777687,-16.90803680574643
φ₂,Recursion / Spiral,409,981.5849609590191,20.223748416156685,3.2767700735592693,19.956522189124698
φ₂,Recursion / Spiral,410,983.9849241887478,20.248456731316587,-15.916046981929396,-12.517166151690095
φ₂,Recursion / Spiral,411,986.3848874184764,20.273134932713294,20.215830399028214,-1.5232206923905576
φ₂,Recursion / Spiral,412,988.7848506482051,20.29778313018444,-13.894475859380325,14.79674087740599
φ₂,Recursion / Spiral,413,991.1848138779337,20.322401432901575,0.25060280362660015,-20.320856237737978
φ₂,Recursion / Spiral,414,993.5847771076624,20.346989949375804,13.558138915411586,15.171580970696558
φ₂,Recursion / Spiral,415,995.984740337391,20.37154878746336,-20.270041841996186,-2.031108988637395
φ₂,Recursion / Spiral,416,998.3847035671197,20.396078054371138,16.338141424658502,-12.209223349085635
φ₂,Recursion / Spiral,417,1000.7846667968483,20.42057785666214,-3.804589735814491,20.06302810998716
φ₂,Recursion / Spiral,418,1003.184630026577,20.445048300260872,-10.75987306529368,-17.384623424704014
φ₂,Recursion / Spiral,419,1005.5845932563057,20.46948949045872,19.700663111423662,5.5573260629722885
φ₂,Recursion / Spiral,420,1007.9845564860343,20.493901531919196,-18.30237720257693,9.220791112187287
φ₂,Recursion / Spiral,421,1010.384519715763,20.518284528683193,7.275694547049461,-19.185001143029282
φ₂,Recursion / Spiral,422,1012.7844829454916,20.54263858417414,7.603425483378577,19.083708259107016
φ₂,Recursion / Spiral,423,1015.1844461752203,20.566963801203133,-18.519292395232775,-8.946273480051538
φ₂,Recursion / Spiral,424,1017.5844094049489,20.591260281974,19.721941497396323,-5.919883746601542
φ₂,Recursion / Spiral,425,1019.9843726346776,20.615528128088304,-10.555947937516201,17.70796326911843
φ₂,Recursion / Spiral,426,1022.3843358644062,20.639767440550294,-4.182842155351852,-20.21147771696596
φ₂,Recursion / Spiral,427,1024.784299094135,20.663978319771825,16.75658745590106,12.092012935518195
φ₂,Recursion / Spiral,428,1027.1842623238635,20.688160865577203,-20.547841994835334,2.4054499278266612
φ₂,Recursion / Spiral,429,1029.5842255535922,20.71231517720798,13.542273863655538,-15.671847963841156
φ₂,Recursion / Spiral,430,1031.9841887833209,20.73644135332772,0.6012294181475446,20.727723540870425
φ₂,Recursion / Spiral,431,1034.3841520130495,20.760539492026695,-14.461490349012902,-14.895143399289806
φ₂,Recursion / Spiral,432,1036.7841152427782,20.784609690826528,20.749006679582457,1.2160270599960614
φ₂,Recursion / Spiral,433,1039.1840784725068,20.808652046684813,-16.139734132435983,13.13426747612066
φ₂,Recursion / Spiral,434,1041.5840417022355,20.83266665599966,3.032362967795541,-20.61079267838921
φ₂,Recursion / Spiral,435,1043.9840049319641,20.85665361461421,11.69987620307433,17.265946160947422
φ₂,Recursion / Spiral,436,1046.3839681616928,20.8806130178211,-20.31341221264777,-4.833765021083745
φ₂,Recursion / Spiral,437,1048.7839313914214,20.904544960366874,18.264548951805896,-10.168886447742745
φ₂,Recursion / Spiral,438,1051.18389462115,20.92844953645635,-6.606271585597793,19.85842832998934
φ₂,Recursion / Spiral,439,1053.5838578508788,20.952326839756964,-8.552663156689169,-19.127256806144775
φ₂,Recursion / Spiral,440,1055.9838210806074,20.97617696340303,19.248629850075115,8.33608114732559
φ₂,Recursion / Spiral,441,1058.383784310336,21.0,-19.846797312799925,6.863281753260439
φ₂,Recursion / Spiral,442,1060.7837475400647,21.02379604162864,10.009660013437907,-18.488015210275606
φ₂,Recursion / Spiral,443,1063.1837107697934,21.047565179849187,5.113437695685317,20.4169722273491
φ₂,Recursion / Spiral,444,1065.583673999522,21.071307505705477,-17.581766842376112,-11.613848401814268
φ₂,Recursion / Spiral,445,1067.9836372292507,21.095023109728988,20.83271027037694,-3.316350824404918
φ₂,Recursion / Spiral,446,1070.3836004589793,21.118712081942874,-13.135964086269198,16.536216239643387
φ₂,Recursion / Spiral,447,1072.783563688708,21.142374511865974,-1.4856652213098154,-21.090111399662884
φ₂,Recursion / Spiral,448,1075.1835269184367,21.166010488516726,15.358799946871532,14.563902780229588
φ₂,Recursion / Spiral,449,1077.5834901481653,21.18962010041709,-21.18648217567183,-0.3646546584648187
φ₂,Recursion / Spiral,450,1079.983453377894,21.213203435596427,15.886234463706696,-14.05800677778104
φ₂,Recursion / Spiral,451,1082.3834166076226,21.236760581595302,-2.2204307893512794,21.12036190764024
φ₂,Recursion / Spiral,452,1084.7833798373513,21.2602916254693,-12.643316633806556,-17.092294886799447
φ₂,Recursion / Spiral,453,1087.18334306708,21.283796653792763,20.89153933817497,4.0673804938176
φ₂,Recursion / Spiral,454,1089.5833062968086,21.307275752662516,-18.172271517460686,11.125131365322707
φ₂,Recursion / Spiral,455,1091.9832695265372,21.330729007701542,5.891226637719418,-20.501059697074812
φ₂,Recursion / Spiral,456,1094.383232756266,21.354156504062622,9.514698180189937,19.117283241608636
φ₂,Recursion / Spiral,457,1096.7831959859946,21.37755832643195,-19.951222029486416,-7.67780825041469
φ₂,Recursion / Spiral,458,1099.1831592157232,21.400934559032695,19.919453169577988,-7.824026164641151
φ₂,Recursion / Spiral,459,1101.5831224454519,21.42428528562855,-9.413190710774764,19.245566778938564
φ₂,Recursion / Spiral,460,1103.9830856751805,21.447610589527216,-6.065796537491783,-20.571973954041276
φ₂,Recursion / Spiral,461,1106.383048904909,21.470910553583888,18.38885368168036,11.083774640155339
φ₂,Recursion / Spiral,462,1108.7830121346376,21.494185260204677,-21.069165080509435,4.253267309991461
φ₂,Recursion / Spiral,463,1111.1829753643663,21.517434791350013,12.676402650060114,-17.38703010446433
φ₂,Recursion / Spiral,464,1113.582938594095,21.540659228538015,2.400173069883539,21.406521651931353
φ₂,Recursion / Spiral,465,1115.9829018238236,21.563858652847824,-16.247190032960468,-14.178463105459281
φ₂,Recursion / Spiral,466,1118.3828650535522,21.587033144922902,21.58075425326087,-0.5206206491899529
φ₂,Recursion / Spiral,467,1120.7828282832809,21.61018278497431,-15.57799008479266,14.977523991571557
φ₂,Recursion / Spiral,468,1123.1827915130095,21.633307652783937,1.371018529845835,-21.58981954975121
φ₂,Recursion / Spiral,469,1125.5827547427382,21.656407827707714,13.587260247259346,16.86375874392319
φ₂,Recursion / Spiral,470,1127.9827179724668,21.6794833886788,-21.43294134350882,-3.260218607043132
φ₂,Recursion / Spiral,471,1130.3826812021955,21.702534414210707,18.025375324069948,-12.086597719226464
φ₂,Recursion / Spiral,472,1132.7826444319242,21.72556098240043,-5.13241108857827,21.110621886098922
φ₂,Recursion / Spiral,473,1135.1826076616528,21.748563170931547,-10.486631082570163,-19.05336108244615
φ₂,Recursion / Spiral,474,1137.5825708913815,21.77154105707724,20.624643320076615,6.9730974408521735
φ₂,Recursion / Spiral,475,1139.9825341211101,21.79449471770337,-19.93922946883262,8.799268616722452
φ₂,Recursion / Spiral,476,1142.3824973508388,21.817424229271428,8.76796160197845,-19.97805919868673
φ₂,Recursion / Spiral,477,1144.7824605805674,21.840329667841555,7.037143408133183,20.67555592126528
φ₂,Recursion / Spiral,478,1147.182423810296,21.863211109075447,-19.175176110028378,-10.502981536182805
φ₂,Recursion / Spiral,479,1149.5823870400247,21.88606862823929,21.256039709040344,-5.213518570763917
φ₂,Recursion / Spiral,480,1151.9823502697534,21.908902300206645,-12.164538960458973,18.221525509119036
φ₂,Recursion / Spiral,481,1154.382313499482,21.93171219946131,-3.3421871971010026,-21.67555731093284
φ₂,Recursion / Spiral,482,1156.7822767292107,21.95449840010015,17.123825937915697,13.73952638368462
φ₂,Recursion / Spiral,483,1159.1822399589394,21.97726097583591,-21.930206880432017,1.4373677961649594
φ₂,Recursion / Spiral,484,1161.582203188668,22.0,15.215450616002716,-15.889935888856902
φ₂,Recursion / Spiral,485,1163.9821664183967,22.02271554554524,-0.48640398697146503,22.017343417439314
φ₂,Recursion / Spiral,486,1166.3821296481253,22.045407685048602,-14.528797641285944,-16.580531930507053
φ₂,Recursion / Spiral,487,1168.782092877854,22.06807649071391,21.935604336735143,2.414386543659918
φ₂,Recursion / Spiral,488,1171.1820561075826,22.090722034374522,-17.823798089969095,13.05037247161989
φ₂,Recursion / Spiral,489,1173.5820193373113,22.11334438749598,4.3317455139893335,-21.684925197058746
φ₂,Recursion / Spiral,490,1175.98198256704,22.135943621178654,11.465567706775113,18.935172488291613
φ₂,Recursion / Spiral,491,1178.3819457967686,22.15851980616034,-21.266545430296155,-6.223668167660434
φ₂,Recursion / Spiral,492,1180.7819090264973,22.181073012818835,19.90555569930616,-9.786156155601645
φ₂,Recursion / Spiral,493,1183.181872256226,22.20360331117452,-8.075478069749087,20.68300398745312
φ₂,Recursion / Spiral,494,1185.5818354859546,22.22611077089287,-8.024688514394375,-20.726899774132818
φ₂,Recursion / Spiral,495,1187.9817987156832,22.24859546128699,19.9381248962042,9.87274914212663
φ₂,Recursion / Spiral,496,1190.3817619454119,22.271057451320086,-21.39227468223345,6.1943993994473585
φ₂,Recursion / Spiral,497,1192.7817251751405,22.293496809607955,11.601418232652776,-19.036992803252087
φ₂,Recursion / Spiral,498,1195.1816884048692,22.315913604421397,4.309107711637389,21.895926350111502
φ₂,Recursion / Spiral,499,1197.5816516345978,22.338307903688676,-17.985918652890035,-13.247895312525017
2↻,Symbolic Echo,500,1199.9816148643265,22.360679774997898,22.233325814901225,-2.383112084742701
2↻,Symbolic Echo,501,1202.3815780940552,22.38302928559939,-14.799170437317414,16.792395730426026
2↻,Symbolic Echo,502,1204.7815413237838,22.40535650240808,-0.43108221023834625,-22.401209077369373
2↻,Symbolic Echo,503,1207.1815045535125,22.427661492005804,15.46504637489271,16.24291662917771
2↻,Symbolic Echo,504,1209.5814677832411,22.44994432064365,-22.397607309612027,-1.532053133678462
2↻,Symbolic Echo,505,1211.9814310129698,22.47220505424423,17.5675878662274,-14.013559739137657
2↻,Symbolic Echo,506,1214.3813942426984,22.494443758403985,-3.4912204923859917,22.22186714642908
2↻,Symbolic Echo,507,1216.781357472427,22.516660498395403,-12.448621046381183,-18.76251140022559
2↻,Symbolic Echo,508,1219.1813207021557,22.538855339169288,21.87466086543458,5.431317705881771
2↻,Symbolic Echo,509,1221.5812839318844,22.561028345356956,-19.817973664763546,10.781832860081748
2↻,Symbolic Echo,510,1223.981247161613,22.58317958127243,7.337330546625302,-21.3579863388279
2↻,Symbolic Echo,511,1226.3812103913417,22.60530911091463,9.025628947921883,20.725299083353043
2↻,Symbolic Echo,512,1228.7811736210704,22.627416997969522,-20.675156718808154,-9.194449121764825
2↻,Symbolic Echo,513,1231.181136850799,22.64950330581225,21.476921139412177,-7.193181380409538
2↻,Symbolic Echo,514,1233.5811000805277,22.67156809750927,-10.98818313585851,19.83077989824996
2↻,Symbolic Echo,515,1235.9810633102563,22.693611435820433,-5.298301559499808,-22.06644512794487
2↻,Symbolic Echo,516,1238.381026539985,22.715633383201094,18.830727867854392,12.704475115753976
2↻,Symbolic Echo,517,1240.7809897697136,22.737634001804146,-22.488702071224026,3.355335922336847
2↻,Symbolic Echo,518,1243.1809529994423,22.759613353482084,14.329810711853268,-17.682096169924407
2↻,Symbolic Echo,519,1245.580916229171,22.781571499789035,1.3790571092892854,22.73979334755087
2↻,Symbolic Echo,520,1247.9808794588996,22.80350850198276,-16.393153726571487,-15.851325209489437
2↻,Symbolic Echo,521,1250.3808426886283,22.825424421026653,22.817125652670118,0.6154485764573819
2↻,Symbolic Echo,522,1252.780805918357,22.847319317591726,-17.25690541044745,14.973283395931224
2↻,Symbolic Echo,523,1255.1807691480856,22.869193252058544,2.612896558698805,-22.71943598713533
2↻,Symbolic Echo,524,1257.5807323778142,22.891046284519195,13.432913683252423,18.535286077595075
2↻,Symbolic Echo,525,1259.9806956075429,22.9128784747792,-22.446806439277832,-4.597921343128335
2↻,Symbolic Echo,526,1262.3806588372715,22.93468988235943,19.676140174914625,-11.783442103948685
2↻,Symbolic Echo,527,1264.7806220670002,22.956480566497994,-6.555194934669895,22.000668611850827
2↻,Symbolic Echo,528,1267.1805852967289,22.978250586152114,-10.037150762305282,-20.670162180659215
2↻,Symbolic Echo,529,1269.5805485264575,23.0,21.383797620293638,8.46954540304992
2↻,Symbolic Echo,530,1271.9805117561862,23.021728866442675,-21.509143802565184,8.207114771987273
2↻,Symbolic Echo,531,1274.3804749859148,23.043437243605826,10.326074678024577,-20.60029567127277
2↻,Symbolic Echo,532,1276.7804382156435,23.065125189341593,6.307104202296189,22.186041480655756
2↻,Symbolic Echo,533,1279.1804014453721,23.08679276123039,-19.655565311080647,-12.110274658398264
2↻,Symbolic Echo,534,1281.5803646751008,23.108440016582687,22.695035124747623,-4.351480286807206
2↻,Symbolic Echo,535,1283.9803279048294,23.130067012440755,-13.808140728818897,18.55627251398116
2↻,Symbolic Echo,536,1286.380291134558,23.15167380558045,-2.355086678158843,-23.031577599859695
2↻,Symbolic Echo,537,1288.7802543642867,23.173260452512935,17.310299860054304,15.406281795261437
2↻,Symbolic Echo,538,1291.1802175940154,23.194827009486403,-23.192434542821907,0.3331365739773135
2↻,Symbolic Echo,539,1293.580180823744,23.2163735324878,16.89202597400582,-15.926690129889293
2↻,Symbolic Echo,540,1295.9801440534727,23.2379000772445,-1.6989034261424734,23.175714166960237
2↻,Symbolic Echo,541,1298.3801072832014,23.259406699226016,-14.415580718994953,-18.2535210996164
2↻,Symbolic Echo,542,1300.78007051293,23.280893453645632,22.980886788230528,3.7254318443009593
2↻,Symbolic Echo,543,1303.1800337426587,23.302360395462088,-19.47982925472055,12.788129347443025
2↻,Symbolic Echo,544,1305.5799969723873,23.323807579381203,5.730832318734131,-22.608793885003077
2↻,Symbolic Echo,545,1307.979960202116,23.345235059857504,11.056431609459237,20.561014567996168
2↻,Symbolic Echo,546,1310.3799234318446,23.366642891095847,-22.061646584256682,-7.69959414458681
2↻,Symbolic Echo,547,1312.7798866615733,23.388031127053,21.488223576393526,-9.233430972879223
2↻,Symbolic Echo,548,1315.179849891302,23.40939982143925,-9.616432429134694,21.34301354860383
2↻,Symbolic Echo,549,1317.5798131210306,23.430749027719962,-7.332821899070597,-22.253757502869277
2↻,Symbolic Echo,550,1319.9797763507593,23.45207879911715,20.457798320706463,11.46640692934364
2↻,Symbolic Echo,551,1322.379739580488,23.473389188611005,-22.85113586138902,5.3689468096025
2↻,Symbolic Echo,552,1324.7797028102166,23.49468024894146,13.235038646667565,-19.412206263617122
2↻,Symbolic Echo,553,1327.1796660399452,23.515952032609693,3.35668767616963,23.275150866206022
2↻,Symbolic Echo,554,1329.579629269674,23.53720459187964,-18.21370131675488,-14.908423268207864
2↻,Symbolic Echo,555,1331.9795924994025,23.558437978779494,23.521912191955895,-1.3113530546411234
2↻,Symbolic Echo,556,1334.3795557291312,23.57965224510319,-16.473340564700997,16.870952866965652
2↻,Symbolic Echo,557,1336.7795189588599,23.600847442411894,0.7514385777587017,-23.588881704393195
2↻,Symbolic Echo,558,1339.1794821885885,23.62202362203543,15.393773111797797,17.91735888412383
2↻,Symbolic Echo,559,1341.5794454183172,23.643180835073778,-23.474897858079125,-2.8158782915374596
2↻,Symbolic Echo,560,1343.9794086480458,23.664319132398465,19.228933914810863,-13.793045367134726
2↻,Symbolic Echo,561,1346.3793718777745,23.68543856465402,-4.866088064906465,23.180189536424734
2↻,Symbolic Echo,562,1348.7793351075031,23.706539182259394,-12.080643843076357,-20.397500933612953
2↻,Symbolic Echo,563,1351.1792983372318,23.727621035409346,22.706379190595293,6.886243101496007
2↻,Symbolic Echo,564,1353.5792615669602,23.748684174075834,-21.413559802488585,10.269345479885507
2↻,Symbolic Echo,565,1355.9792247966889,23.769728648009426,8.860694162095772,-22.056475216267035
2↻,Symbolic Echo,566,1358.3791880264175,23.790754506740637,8.372734499330932,22.268752030675486
2↻,Symbolic Echo,567,1360.7791512561462,23.811761799581316,-21.23485359044254,-10.774088963456235
2↻,Symbolic Echo,568,1363.1791144858748,23.83275057562597,22.95592927875642,-6.405100385531343
2↻,Symbolic Echo,569,1365.5790777156035,23.853720883753127,-12.611491701139187,20.247228873900188
2↻,Symbolic Echo,570,1367.9790409453321,23.874672772626646,-4.381330062558734,-23.469212745273733
2↻,Symbolic Echo,571,1370.3790041750608,23.895606290697042,19.100614767572964,14.358499764974534
2↻,Symbolic Echo,572,1372.7789674047895,23.916521486202797,-23.804042945261155,2.3167950837660305
2↻,Symbolic Echo,573,1375.178930634518,23.93741840717165,16.001356734159117,-17.80327449280555
2↻,Symbolic Echo,574,1377.5788938642468,23.958297101421877,0.22723468907641983,23.957219462952715
2↻,Symbolic Echo,575,1379.9788570939754,23.979157616563597,-16.364661345166088,-17.52706076494364
2↻,Symbolic Echo,576,1382.378820323704,24.0,23.92693033722417,1.8713643786343546
2↻,Symbolic Echo,577,1384.7787835534327,24.020824298928627,-18.92346751658752,14.795349848809149
2↻,Symbolic Echo,578,1387.1787467831614,24.041630560342615,3.962890378876306,-23.712770817536477
2↻,Symbolic Echo,579,1389.57871001289,24.06241883103193,13.106958012630614,20.17938680077118
2↻,Symbolic Echo,580,1391.9786732426187,24.08318915758459,-23.315751309652335,-6.031230460399075
2↻,Symbolic Echo,581,1394.3786364723474,24.1039415863879,21.28467218560895,-11.312061260051792
2↻,Symbolic Echo,582,1396.778599702076,24.124676163629637,-8.060394975564083,22.73829441356368
2↻,Symbolic Echo,583,1399.1785629318047,24.145392935299274,-9.424098670657518,-22.230302837471903
2↻,Symbolic Echo,584,1401.5785261615333,24.166091947189145,21.984221040258493,10.034641261801825
2↻,Symbolic Echo,585,1403.978489391262,24.186773244895647,-23.008456941623287,7.457272233562829
2↻,Symbolic Echo,586,1406.3784526209906,24.20743687382041,11.938595930714676,-21.058725678519178
2↻,Symbolic Echo,587,1408.7784158507193,24.228082879171435,5.426439868800823,23.612576105759594
2↻,Symbolic Echo,588,1411.178379080448,24.24871130596428,-19.96834096722704,-13.75737471382394
2↻,Symbolic Echo,589,1413.5783423101766,24.269322199023193,24.037420218462756,-3.3470030237568746
2↻,Symbolic Echo,590,1415.9783055399053,24.289915602982237,-15.476698929800872,18.720891811991766
2↻,Symbolic Echo,591,1418.378268769634,24.310491562286437,-1.2347896963091851,-24.27911230679344
2↻,Symbolic Echo,592,1420.7782319993626,24.331050121192877,17.32543936668207,17.083007661165034
2↻,Symbolic Echo,593,1423.1781952290912,24.351591323771842,-24.33517301324225,-0.8940662254924789
2↻,Symbolic Echo,594,1425.5781584588199,24.372115213907882,18.56356475872235,-15.79221527996379
2↻,Symbolic Echo,595,1427.9781216885485,24.392621835300936,-3.0232483859852732,24.204544391428595
2↻,Symbolic Echo,596,1430.3780849182772,24.413111231467404,-14.13254668363073,-19.906559829237143
2↻,Symbolic Echo,597,1432.7780481480058,24.43358344574123,23.887602801689734,5.136383201115824
2↻,Symbolic Echo,598,1435.1780113777345,24.454038521274967,-21.101202405719043,12.3587724727368
2↻,Symbolic Echo,599,1437.5779746074631,24.474476501040833,7.2171659516595525,-23.38616077140936
2↻,Symbolic Echo,600,1439.9779378371918,24.49489742783178,10.484151496727407,22.137808549937105
2↻,Symbolic Echo,601,1442.3779010669205,24.515301344262525,-22.70345776995235,-9.24948675808501
2↻,Symbolic Echo,602,1444.777864296649,24.535688292770594,23.00787919297982,-8.522763345373747
2↻,Symbolic Echo,603,1447.1778275263778,24.55605831561735,-11.217555462534472,21.844139933743396
2↻,Symbolic Echo,604,1449.5777907561064,24.576411454889016,-6.489402472819967,-23.704169581441956
2↻,Symbolic Echo,605,1451.977753985835,24.596747752497688,20.814228862690285,13.106024448762136
2↻,Symbolic Echo,606,1454.3777172155637,24.61706725018234,-24.220749263676307,4.39946645698358
2↻,Symbolic Echo,607,1456.7776804452924,24.63736998950984,14.900108443770165,-19.62107969414245
2↻,Symbolic Echo,608,1459.177643675021,24.657656011875904,2.2688392394679213,24.553052121995965
2↻,Symbolic Echo,609,1461.5776069047497,24.677925358506133,-18.27332874423024,-16.585700365232967
2↻,Symbolic Echo,610,1463.9775701344784,24.698178070456937,24.697916032211303,-0.11377023266197647
2↻,Symbolic Echo,611,1466.377533364207,24.71841418861655,-18.149482306466197,16.780831088097827
2↻,Symbolic Echo,612,1468.7774965939357,24.73863375370596,2.0492497845236133,-24.653611810861097
2↻,Symbolic Echo,613,1471.1774598236643,24.758836806279895,15.154588529582572,19.579030785486914
2↻,Symbolic Echo,614,1473.577423053393,24.779023386727733,-24.419861192347756,-4.203615033095656
2↻,Symbolic Echo,615,1475.9773862831216,24.79919353527449,20.862915426376066,-13.406668486685264
2↻,Symbolic Echo,616,1478.3773495128503,24.819347291981714,-6.3327323929336155,23.99784366228535
2↻,Symbolic Echo,617,1480.777312742579,24.839484696748443,-11.550114391121207,-21.99079028939194
2↻,Symbolic Echo,618,1483.1772759723076,24.859605789312106,23.39019205907143,8.420149371581946
2↻,Symbolic Echo,619,1485.5772392020363,24.879710609249457,-22.95347712073901,9.598848267772057
2↻,Symbolic Echo,620,1487.977202431765,24.899799195977465,10.449681394754304,-22.600976942338704
2↻,Symbolic Echo,621,1490.3771656614936,24.919871588754223,7.56756622243567,23.743039853166458
2↻,Symbolic Echo,622,1492.7771288912222,24.939927826679853,-21.635679813861984,-12.405537432616331
2↻,Symbolic Echo,623,1495.1770921209509,24.95996794869737,24.35284975420512,-5.471627623396132
2↻,Symbolic Echo,624,1497.5770553506795,24.979991993593593,-14.272442985750157,20.50115536301579
2↻,Symbolic Echo,625,1499.9770185804082,25.0,-3.326938813549127,-24.777640689357415
2↻,Symbolic Echo,626,1502.3769818101368,25.019992006393608,19.205582994326818,16.03575947213055
2↻,Symbolic Echo,627,1504.7769450398655,25.03996805109783,-25.01355404239939,1.149832234704367
2↻,Symbolic Echo,628,1507.1769082695942,25.059928172283335,17.681599081347425,-17.758407978377285
2↻,Symbolic Echo,629,1509.5768714993228,25.079872407968907,-1.043058116119626,25.058172913570477
2↻,Symbolic Echo,630,1511.9768347290515,25.099800796022265,-16.17027264863563,-19.196934194521436
2↻,Symbolic Echo,631,1514.3767979587801,25.11971337416094,24.910545298216203,3.2349239474087335
2↻,Symbolic Echo,632,1516.7767611885088,25.13961017995307,-20.56970050764969,14.45293814508304
2↻,Symbolic Echo,633,1519.1767244182374,25.15949125081825,5.4089116759616696,-24.571196032786958
2↻,Symbolic Echo,634,1521.576687647966,25.179356624028344,12.619197280151628,21.78889304220418
2↻,Symbolic Echo,635,1523.9766508776947,25.199206336708304,-24.042127381336165,-7.548252180445867
2↻,Symbolic Echo,636,1526.3766141074234,25.219040425836983,22.844654279348873,-10.682779172903798
2↻,Symbolic Echo,637,1528.776577337152,25.238858928247925,-9.63639030554544,23.326808223140816
2↻,Symbolic Echo,638,1531.1765405668807,25.25866188063018,-8.6582463630037,-23.7283537127533
2↻,Symbolic Echo,639,1533.5765037966094,25.278449319529077,22.430151890111276,11.657113115456054
2↻,Symbolic Echo,640,1535.976467026338,25.298221281347036,-24.432658179225914,6.560885176339032
2↻,Symbolic Echo,641,1538.3764302560667,25.317977802344327,13.594675902140635,-21.358482790585963
2↻,Symbolic Echo,642,1540.7763934857953,25.337718918639855,4.406590168660872,24.951592395786314
2↻,Symbolic Echo,643,1543.176356715524,25.357444666211933,-20.119492043236846,-15.433924968138513
2↻,Symbolic Echo,644,1545.5763199452526,25.37715508089904,25.28058920581977,-2.2117435218824295
2↻,Symbolic Echo,645,1547.9762831749813,25.39685019840059,-17.1604162257299,18.7221824304675
2↻,Symbolic Echo,646,1550.37624640471,25.41653005427767,0.006909690678167562,-25.416529115049812
2↻,Symbolic Echo,647,1552.7762096344386,25.436194683953808,17.17680306419749,18.76052868374918
2↻,Symbolic Echo,648,1555.1761728641673,25.45584412271571,-25.357768779631574,-2.232389419152059
2↻,Symbolic Echo,649,1557.576136093896,25.475478405713993,20.22157193010674,-15.494774237642803
2↻,Symbolic Echo,650,1559.9760993236246,25.495097567963924,-4.447610753697339,25.104158193088168
2↻,Symbolic Echo,651,1562.3760625533532,25.514701644346147,-13.688603013988075,-21.531886761857088
2↻,Symbolic Echo,652,1564.7760257830819,25.534290669607408,24.65704640543848,6.635515244504641
2↻,Symbolic Echo,653,1567.1759890128105,25.553864678361276,-22.680938165120555,11.771790176093765
2↻,Symbolic Echo,654,1569.5759522425392,25.573423705088842,8.779202414681166,-24.019275696033308
2↻,Symbolic Echo,655,1571.9759154722678,25.592967784139454,9.758729230011593,23.659399903956086
2↻,Symbolic Echo,656,1574.3758787019965,25.612496949731394,-23.195164210648137,-10.862060450994907
2↻,Symbolic Echo,657,1576.7758419317252,25.632011235952593,24.459230039970766,-7.664598218549472
2↻,Symbolic Echo,658,1579.1758051614538,25.65151067676132,-12.867895060833861,22.19047716258863
2↻,Symbolic Echo,659,1581.5757683911825,25.67099530598687,-5.505245158926316,-25.073736772569784
2↻,Symbolic Echo,660,1583.9757316209111,25.69046515733026,21.012386786258418,14.781055494945978
2↻,Symbolic Echo,661,1586.3756948506398,25.709920264364882,-25.497634062785522,3.297067970224335
2↻,Symbolic Echo,662,1588.7756580803684,25.729360660537214,16.586556754509928,-19.669421319129373
2↻,Symbolic Echo,663,1591.175621310097,25.748786379167466,1.056889801463549,25.727086581025112
2↻,Symbolic Echo,664,1593.5755845398257,25.768197453450252,-18.171403373661384,-18.270197027719423
2↻,Symbolic Echo,665,1595.9755477695544,25.787593916455254,25.759743600254996,1.1981692906771897
2↻,Symbolic Echo,666,1598.3755109992828,25.80697580112788,-19.818669435155996,16.529378143778235
2↻,Symbolic Echo,667,1600.7754742290115,25.826343140289914,3.450823334495931,-25.594761540481255
2↻,Symbolic Echo,668,1603.1754374587401,25.84569596664017,14.7555319703273,21.21966720456871
2↻,Symbolic Echo,669,1605.5754006884688,25.865034312755125,-25.232814957234993,-5.68375310283074
2↻,Symbolic Echo,670,1607.9753639181974,25.88435821108957,22.4619814438352,-12.86310186606649
2↻,Symbolic Echo,671,1610.375327147926,25.903667693977237,-7.879739420220437,24.67609585549189
2↻,Symbolic Echo,672,1612.7752903776548,25.92296279363144,-10.866276672162815,-23.535590735819873
2↻,Symbolic Echo,673,1615.1752536073834,25.942243542145693,23.928301300310512,10.021796090599631
2↻,Symbolic Echo,674,1617.575216837112,25.96150997149434,-24.43174183967068,8.780090584936202
2↻,Symbolic Echo,675,1619.9751800668407,25.98076211353316,12.09330141824438,-22.99460938584277
2↻,Symbolic Echo,676,1622.3751432965694,26.0,6.6203098525655175,25.14302084985064
2↻,Symbolic Echo,677,1624.775106526298,26.019223662515376,-21.881643714491098,-14.07812730273712
2↻,Symbolic Echo,678,1627.1750697560267,26.038433132583073,25.663414236047913,-4.403313496562935
2↻,Symbolic Echo,679,1629.5750329857553,26.057628441590765,-15.960764904513393,20.597426627199173
2↻,Symbolic Echo,680,1631.974996215484,26.076809620810597,-2.145968961421974,-25.98835926365136
2↻,Symbolic Echo,681,1634.3749594452127,26.095976701399778,19.151321513459163,17.72644590119848
2↻,Symbolic Echo,682,1636.7749226749413,26.115129714401192,-26.114783375101943,-0.13449636240231258
2↻,Symbolic Echo,683,1639.17488590467,26.13426869074396,19.36125838622481,-17.553964614919316
2↻,Symbolic Echo,684,1641.5748491343986,26.153393661244042,-2.4206267624616364,26.0411321965243
2↻,Symbolic Echo,685,1643.9748123641273,26.1725046566048,-15.81718681881437,-20.85225649992645
2↻,Symbolic Echo,686,1646.374775593856,26.19160170741759,25.76738592096692,4.694871968430643
2↻,Symbolic Echo,687,1648.7747388235846,26.210684844162312,-22.18756292915478,13.953926016171813
2↻,Symbolic Echo,688,1651.1747020533132,26.229754097208,6.939722030198667,-25.295063908667544
2↻,Symbolic Echo,689,1653.574665283042,26.248809496813376,11.97813067425118,23.356463464115517
2↻,Symbolic Echo,690,1655.9746285127706,26.267851073127396,-24.627217435330504,-9.137842272273762
2↻,Symbolic Echo,691,1658.3745917424992,26.28687885618983,24.349492860201664,-9.904655342362402
2↻,Symbolic Echo,692,1660.7745549722279,26.30589287593181,-11.272207283335742,23.7684106107563
2↻,Symbolic Echo,693,1663.1745182019565,26.324893162176366,-7.749148874530667,-25.158511317650735
2↻,Symbolic Echo,694,1665.5744814316852,26.343879744638983,22.724689581597328,13.326232904314784
2↻,Symbolic Echo,695,1667.9744446614138,26.362852652928137,-25.776770962400068,5.527936210917134
2↻,Symbolic Echo,696,1670.3744078911425,26.38181191654584,15.28390519093853,-21.503540222819176
2↻,Symbolic Echo,697,1672.7743711208711,26.40075756488817,3.2578946119988026,26.198971787020746
2↻,Symbolic Echo,698,1675.1743343505998,26.419689627245813,-20.113834611920506,-17.129905347208105
2↻,Symbolic Echo,699,1677.5742975803284,26.43860813280457,26.42130659050726,-0.956325284836666
🪞,Consent Chain Sync,700,1679.974260810057,26.457513110645905,-18.849729654594352,18.565766667409843
🪞,Consent Chain Sync,701,1682.3742240397858,26.476404589747453,1.3591786210496941,-26.44149453938036
🪞,Consent Chain Sync,702,1684.7741872695144,26.49528259898354,16.870777417773468,20.429803457692508
🪞,Consent Chain Sync,703,1687.174150499243,26.514147167125703,-26.25880305938817,-3.670866639945685
🪞,Consent Chain Sync,704,1689.5741137289717,26.5329983228432,21.857588310377935,-15.041470448530955
🪞,Consent Chain Sync,705,1691.9740769587004,26.551836094703507,-5.960967207060096,25.87405785640038
🪞,Consent Chain Sync,706,1694.374040188429,26.570660511172846,-13.091518152326769,-23.1216814368527
🪞,Consent Chain Sync,707,1696.7740034181577,26.589471600616662,25.289640956200394,8.211824420095194
🪞,Consent Chain Sync,708,1699.1739666478863,26.60826939130014,-24.211906718992207,11.035559479737302
🪞,Consent Chain Sync,709,1701.573929877615,26.627053911388696,10.406034291791853,-24.509476745088868
🪞,Consent Chain Sync,710,1703.9738931073437,26.645825188948457,8.889089956008839,25.119396484668634
🪞,Consent Chain Sync,711,1706.3738563370723,26.664583251946766,-23.539006085809365,-12.526579441021783
🪞,Consent Chain Sync,712,1708.773819566801,26.68332812825267,25.836663440772007,-6.668344790746457
🪞,Consent Chain Sync,713,1711.1737827965296,26.70205984563738,-14.55696117918358,22.385148675578236
🪞,Consent Chain Sync,714,1713.5737460262583,26.720778431774775,-4.390175963153949,-26.3576621689509
🪞,Consent Chain Sync,715,1715.973709255987,26.739483914241877,21.056253904231145,16.48132796593014
🪞,Consent Chain Sync,716,1718.3736724857156,26.758176320519304,-26.677839681092202,2.071924214333692
🪞,Consent Chain Sync,717,1720.7736357154442,26.77685567799177,18.284599233500003,-19.562040559979707
🪞,Consent Chain Sync,718,1723.173598945173,26.795522013948524,-0.2687130800021254,26.79417461465525
🪞,Consent Chain Sync,719,1725.5735621749016,26.814175355583846,-17.913525817307367,-19.952583611970216
🪞,Consent Chain Sync,720,1727.9735254046302,26.832815729997478,26.705204734537357,2.613817148624459
🪞,Consent Chain Sync,721,1730.3734886343589,26.851443164195103,-21.472090628357922,16.122944025443495
🪞,Consent Chain Sync,722,1732.7734518640875,26.870057685088806,4.945385141161427,-26.411042497515687
🪞,Consent Chain Sync,723,1735.1734150938162,26.888659319497503,14.203655895982926,22.831035000378527
🪞,Consent Chain Sync,724,1737.5733783235448,26.90724809414742,-25.91337852680017,-7.245468468413347
🪞,Consent Chain Sync,725,1739.9733415532735,26.92582403567252,24.0185327004683,-12.170048763934139
🪞,Consent Chain Sync,726,1742.3733047830021,26.94438717061496,-9.496311102539675,25.215472937142817
🪞,Consent Chain Sync,727,1744.7732680127308,26.962937525425527,-10.037428667186587,-25.02498802699296
🪞,Consent Chain Sync,728,1747.1732312424595,26.981475126464083,24.322134544564715,11.68048677051139
🪞,Consent Chain Sync,729,1749.573194472188,27.0,-25.84217098693461,7.821905054526998
🪞,Consent Chain Sync,730,1751.9731577019168,27.018512172212592,13.78103397991806,-23.239688088361767
🪞,Consent Chain Sync,731,1754.3731209316454,27.03701166919155,5.540268991386604,26.463284367271573
🪞,Consent Chain Sync,732,1756.773084161374,27.055498516937366,-21.97592968591027,-15.781587830124316
🪞,Consent Chain Sync,733,1759.1730473911027,27.073972741361768,26.883019950190075,-3.2098657849950953
🪞,Consent Chain Sync,734,1761.5730106208314,27.09243436828813,-17.666507583800072,20.540070832193702
🪞,Consent Chain Sync,735,1763.97297385056,27.110883423451916,-0.8484629961292082,-27.097603409604314
🪞,Consent Chain Sync,736,1766.3729370802887,27.129319932501073,18.94267134520209,19.420999003853012
🪞,Consent Chain Sync,737,1768.7729003100173,27.147743920996454,-27.104827512586205,-1.5258851571955958
🪞,Consent Chain Sync,738,1771.172863539746,27.16615541441225,21.031230498558873,-17.195561744720266
🪞,Consent Chain Sync,739,1773.5728267694747,27.184554438136374,-3.894975968246391,26.904073338563123
🪞,Consent Chain Sync,740,1775.9727899992033,27.202941017470888,-15.311755634845913,-22.484442162943793
🪞,Consent Chain Sync,741,1778.372753228932,27.2213151776324,26.496319320848322,6.240597923888379
🪞,Consent Chain Sync,742,1780.7727164586606,27.23967694375247,-23.76904685689174,13.30535273921307
🪞,Consent Chain Sync,743,1783.1726796883893,27.258026340878022,8.54467082781694,-25.884138008522793
🪞,Consent Chain Sync,744,1785.572642918118,27.27636339397171,11.191433311723868,24.874722519643054
🪞,Consent Chain Sync,745,1787.9726061478466,27.294688127912362,-25.071680541170604,-10.789385285616932
🪞,Consent Chain Sync,746,1790.3725693775752,27.313000567495326,25.7924949858762,-8.985944714027076
🪞,Consent Chain Sync,747,1792.772532607304,27.331300737432898,-12.95734047466575,24.064648923755126
🪞,Consent Chain Sync,748,1795.1724958370326,27.349588662354687,-6.705581013484741,-26.514810639934673
🪞,Consent Chain Sync,749,1797.5724590667612,27.367864366808018,22.870256283278795,15.031679132324065
🪞,Consent Chain Sync,750,1799.9724222964899,27.386127875258307,-27.035598321436968,4.367656511438874
🪞,Consent Chain Sync,751,1802.3723855262185,27.40437921208944,16.996218714548036,-21.49717538206466
🪞,Consent Chain Sync,752,1804.7723487559472,27.422618401604176,1.9899741607799997,27.3503199769112
🪞,Consent Chain Sync,753,1807.1723119856758,27.440845468024488,-19.95547575380973,-18.835577703885598
🪞,Consent Chain Sync,754,1809.5722752154045,27.459060435491963,27.456009637610006,0.4093101262697629
🪞,Consent Chain Sync,755,1811.9722384451331,27.477263328068172,-20.535296080600045,18.2565499172788
🪞,Consent Chain Sync,756,1814.3722016748618,27.49545416973504,2.8118262449562494,-27.35130039263536
🪞,Consent Chain Sync,757,1816.7721649045905,27.51363298439521,16.41302920794061,22.08194901314846
🪞,Consent Chain Sync,758,1819.172128134319,27.53179979587241,-27.03643911825832,-5.19913067778754
🪞,Consent Chain Sync,759,1821.5720913640478,27.54995462791182,23.46325287412107,-14.438689849326671
🪞,Consent Chain Sync,760,1823.9720545937764,27.568097504180443,-7.552848207478773,26.51328881815277
🪞,Consent Chain Sync,761,1826.372017823505,27.586228448267445,-12.348349962779102,-24.66816274465396
🪞,Consent Chain Sync,762,1828.7719810532337,27.60434748368452,25.78531852445702,9.854813473237005
🪞,Consent Chain Sync,763,1831.1719442829624,27.622454633866266,-25.68696063383926,10.157758285940453
🪞,Consent Chain Sync,764,1833.571907512691,27.640549922170507,12.087211278997287,-24.857580805397795
🪞,Consent Chain Sync,765,1835.9718707424197,27.65863337187866,7.883475436259335,26.511333709300548
🪞,Consent Chain Sync,766,1838.3718339721484,27.676705006196094,-23.73667702092197,-14.232714569063585
🪞,Consent Chain Sync,767,1840.771797201877,27.694764848252458,27.134441910352365,-5.542748615417551
🪞,Consent Chain Sync,768,1843.1717604316054,27.712812921102035,-16.27461900183474,22.43071056264423
🪞,Consent Chain Sync,769,1845.571723661334,27.730849247724095,-3.153380703456871,-27.550974395455885
🪞,Consent Chain Sync,770,1847.9716868910627,27.748873851023216,20.949228407666915,18.196973075855272
🪞,Consent Chain Sync,771,1850.3716501207914,27.76688675382964,-27.757194360414456,0.7335947370151413
🪞,Consent Chain Sync,772,1852.77161335052,27.784887978899608,19.984702793976453,-19.303151406866956
🪞,Consent Chain Sync,773,1855.1715765802487,27.80287754891569,-1.6981051956730808,27.750971852251013
🪞,Consent Chain Sync,774,1857.5715398099774,27.820855486487112,-17.504693816066798,-21.623729891157833
🪞,Consent Chain Sync,775,1859.971503039706,27.83882181415011,27.53180429537533,4.123075580334699
🪞,Consent Chain Sync,776,1862.3714662694347,27.85677655436824,-23.101082698435874,15.56727266286637
🪞,Consent Chain Sync,777,1864.7714294991633,27.874719729532707,6.522676537767974,-27.100824540660216
🪞,Consent Chain Sync,778,1867.171392728892,27.892651361962706,13.505407621717103,24.404998770154968
🪞,Consent Chain Sync,779,1869.5713559586206,27.910571473905726,-26.460796343812603,-8.878415221832876
🪞,Consent Chain Sync,780,1871.9713191883493,27.92848008753788,25.525018462846756,-11.334612144724323
🪞,Consent Chain Sync,781,1874.371282418078,27.94637722496424,-11.172088450257677,25.616097276119543
🪞,Consent Chain Sync,782,1876.7712456478066,27.964262908219126,-9.071276664960154,-26.45206872189299
🪞,Consent Chain Sync,783,1879.1712088775353,27.982137159266443,24.572689167568832,13.385923467360968
🪞,Consent Chain Sync,784,1881.571172107264,28.0,-27.178536405758404,6.732544752236361
🪞,Consent Chain Sync,785,1883.9711353369926,28.0178514522438,15.502715749448807,-23.338076278729396
🪞,Consent Chain Sync,786,1886.3710985667212,28.035691537752374,4.33618315781916,27.698330556584914
🪞,Consent Chain Sync,787,1888.7710617964499,28.053520278211074,-21.92125149288413,-17.505962783741012
🪞,Consent Chain Sync,788,1891.1710250261785,28.071337695236398,28.006933109699435,-1.9004467340132218
🪞,Consent Chain Sync,789,1893.5709882559072,28.089143810376278,-19.379992780074197,20.332630912999726
🪞,Consent Chain Sync,790,1895.9709514856359,28.106938645110393,0.5560607434986676,-28.10143762246942
🪞,Consent Chain Sync,791,1898.3709147153645,28.124722220850465,18.58397733847021,21.110087311122747
🪞,Consent Chain Sync,792,1900.7708779450932,28.142494558940577,-27.980575694274812,-3.014528788543434
🪞,Consent Chain Sync,793,1903.1708411748218,28.160255680657446,22.682596921210212,-16.68831318347978
🪞,Consent Chain Sync,794,1905.5708044045505,28.178005607210743,-5.456084364536123,27.644730843454862
🪞,Consent Chain Sync,795,1907.9707676342791,28.19574435974337,-14.659823481616197,-24.085048795629508
🪞,Consent Chain Sync,796,1910.3707308640078,28.21347195933177,27.09593970321353,7.8619368860234955
🪞,Consent Chain Sync,797,1912.7706940937364,28.231188426986208,-25.30624564136835,12.513749699379684
🪞,Consent Chain Sync,798,1915.170657323465,28.24889378365107,10.213522946766595,-26.337880495891696
🪞,Consent Chain Sync,799,1917.5706205531937,28.26658805020514,10.266275153860063,26.336354995808275
🪞,Consent Chain Sync,800,1919.9705837829224,28.284271247461902,-25.375848842986983,-12.492649658814422
🪞,Consent Chain Sync,801,1922.370547012651,28.30194339616981,27.16698825184056,-7.934402896523287
🪞,Consent Chain Sync,802,1924.7705102423797,28.319604517012593,-14.681635495003839,24.2167210660701
🪞,Consent Chain Sync,803,1927.1704734721084,28.337254630609507,-5.535826985228489,-27.79126876538054
🪞,Consent Chain Sync,804,1929.570436701837,28.35489375751565,22.868905230553022,16.763447543867123
🪞,Consent Chain Sync,805,1931.9703999315657,28.372521918222215,-28.203888493877372,3.0887981198083225
🪞,Consent Chain Sync,806,1934.3703631612943,28.39013913315678,18.72183411093091,-21.342280279360587
🪞,Consent Chain Sync,807,1936.770326391023,28.407745422683583,0.6119846623613338,28.401152701484396
🪞,Consent Chain Sync,808,1939.1702896207516,28.42534080710379,-19.648123696204394,-20.541451633676026
🪞,Consent Chain Sync,809,1941.5702528504803,28.442925306655784,28.381012357414036,1.8756698985460598
🪞,Consent Chain Sync,810,1943.970216080209,28.460498941515414,-22.207984918758868,17.79902822763588
🪞,Consent Chain Sync,811,1946.3701793099376,28.478061731796284,4.3550919506003725,-28.14308394795808
🪞,Consent Chain Sync,812,1948.7701425396663,28.495613697550013,15.808808278665412,23.708259759172535
🪞,Consent Chain Sync,813,1951.170105769395,28.513154858766505,-27.688656518991642,-6.807224116576573
🪞,Consent Chain Sync,814,1953.5700689991236,28.53068523537421,25.03034704548837,-13.69239667780668
🪞,Consent Chain Sync,815,1955.9700322288522,28.548204847240395,-9.213171845355872,27.020685863758935
🪞,Consent Chain Sync,816,1958.369995458581,28.5657137141714,-11.46573258330383,-26.16365754874813
🪞,Consent Chain Sync,817,1960.7699586883095,28.583211855912904,26.14377586960909,11.554349106706322
🪞,Consent Chain Sync,818,1963.1699219180382,28.600699292150182,-27.09902662250038,9.145641372425214
🪞,Consent Chain Sync,819,1965.5698851477669,28.61817604250837,13.812622065612196,-25.064147136349224
🪞,Consent Chain Sync,820,1967.9698483774955,28.635642126552707,6.74970741950683,27.82878814736737
🪞,Consent Chain Sync,821,1970.3698116072242,28.653097563788805,-23.78959307724645,-15.970449624823587
🪞,Consent Chain Sync,822,1972.7697748369528,28.6705423736629,28.346837122818656,-4.296140725394132
🪞,Consent Chain Sync,823,1975.1697380666815,28.687976575562104,-18.01101974578441,22.329423810680026
🪞,Consent Chain Sync,824,1977.5697012964101,28.705400188814647,-1.8036384106069319,-28.64868039690106
🪞,Consent Chain Sync,825,1979.9696645261388,28.722813232690143,20.69439824526705,19.918380488038885
🪞,Consent Chain Sync,826,1982.3696277558674,28.74021572639983,-28.73147511487717,-0.708757873461952
🪞,Consent Chain Sync,827,1984.769590985596,28.75760768909681,21.677564745402325,-18.896644853224355
🪞,Consent Chain Sync,828,1987.1695542153248,28.77498913987632,-3.2218075270490316,28.5940545613708
🪞,Consent Chain Sync,829,1989.5695174450534,28.792360097775937,-16.949571715068547,-23.27470770333643
🪞,Consent Chain Sync,830,1991.969480674782,28.809720581775867,28.23694116699276,5.716218464316222
🪞,Consent Chain Sync,831,1994.3694439045107,28.827070610799147,-24.69715609575407,14.867766502805909
🪞,Consent Chain Sync,832,1996.7694071342394,28.844410203711913,8.172795324420672,-27.662346548785905
🪞,Consent Chain Sync,833,1999.169370363968,28.861739379323623,12.666887147865427,25.93356840049671
🪞,Consent Chain Sync,834,2001.5693335936967,28.879058156387302,-26.874158553432142,-10.57258729190684
🪞,Consent Chain Sync,835,2003.9692968234253,28.89636655359978,26.974005180525165,-10.3635440135603
🪞,Consent Chain Sync,836,2006.369260053154,28.91366458960192,-12.897034387304005,25.877915372237734
🪞,Consent Chain Sync,837,2008.7692232828826,28.930952282978865,-7.975174459244825,-27.810008851933308
🪞,Consent Chain Sync,838,2011.1691865126113,28.948229652260256,24.6807668966883,15.128111097930729
🪞,Consent Chain Sync,839,2013.56914974234,28.965496715920477,-28.434672239678164,5.5199107440316455
🪞,Consent Chain Sync,840,2015.9691129720686,28.982753492378876,17.24846623675988,-23.29142358206888
🪞,Consent Chain Sync,841,2018.3690762017973,29.0,3.016442271464629,28.84269536681552
🪞,Consent Chain Sync,842,2020.769039431526,29.017236257093817,-21.720093183514702,-19.241557943665537
🪞,Consent Chain Sync,843,2023.1690026612546,29.03446228191595,29.030430012395115,-0.4838732224759057
🪞,Consent Chain Sync,844,2025.5689658909832,29.0516780926679,-21.091782778272083,19.97840582314278
🪞,Consent Chain Sync,845,2027.968929120712,29.068883707497267,2.0584233380795114,-28.99591166632375
🪞,Consent Chain Sync,846,2030.3688923504405,29.086079144497972,18.07932793787983,22.784597896706398
🪞,Consent Chain Sync,847,2032.7688555801692,29.103264421710495,-28.73887860573881,-4.590953766333083
🪞,Consent Chain Sync,848,2035.1688188098979,29.120439557122072,24.30663535550163,-16.037065744539373
🪞,Consent Chain Sync,849,2037.5687820396265,29.13760456866693,-7.0942534196199105,28.260777916013055
φ∞,Recursive Bloom,850,2039.9687452693552,29.154759474226502,-13.86695894093003,-25.645807644341417
φ∞,Recursive Bloom,851,2042.3687084990838,29.171904291629644,27.564758379679056,9.549036363419791
φ∞,Recursive Bloom,852,2044.7686717288125,29.189039038652847,-26.791403614832326,11.585365438653593
φ∞,Recursive Bloom,853,2047.1686349585411,29.206163733020468,11.936344052816272,-26.65565025754948
φ∞,Recursive Bloom,854,2049.56859818827,29.223278392404914,9.209537994169393,27.734174044560085
φ∞,Recursive Bloom,855,2051.9685614179984,29.24038303442689,-25.53993208733998,-14.237691841519169
φ∞,Recursive Bloom,856,2054.368524647727,29.257477676655586,28.466406153781552,-6.75749366910159
φ∞,Recursive Bloom,857,2056.7684878774558,29.274562336608895,-16.43521218560061,24.225684725396
φ∞,Recursive Bloom,858,2059.1684511071844,29.29163703175362,-4.247877108135785,-28.981986475639932
φ∞,Recursive Bloom,859,2061.568414336913,29.30870177950569,22.72253295590799,18.511793431963184
φ∞,Recursive Bloom,860,2063.9683775666417,29.32575659723036,-29.276451569133638,1.69981867273326
φ∞,Recursive Bloom,861,2066.3683407963704,29.34280150224242,20.4512131130347,-21.041575088506033
φ∞,Recursive Bloom,862,2068.768304026099,29.359836511806396,-0.8672114891167078,29.347026156548537
φ∞,Recursive Bloom,863,2071.1682672558277,29.376861643136763,-19.195301058605143,-22.23826470904401
φ∞,Recursive Bloom,864,2073.5682304855563,29.393876913398138,29.192648362975966,3.4335523231248875
φ∞,Recursive Bloom,865,2075.968193715285,29.410882339705484,-23.85887688718726,17.197499634599254
φ∞,Recursive Bloom,866,2078.3681569450137,29.427877939124322,5.979502559677677,-28.81398183415142
φ∞,Recursive Bloom,867,2080.7681201747423,29.444863728670914,15.063155421274354,25.300224282692298
φ∞,Recursive Bloom,868,2083.168083404471,29.46183972531247,-28.213414609408037,-8.485472059799694
φ∞,Recursive Bloom,869,2085.5680466341996,29.478805945967352,26.550828949818538,-12.808336428962107
φ∞,Recursive Bloom,870,2087.9680098639283,29.49576240750525,-10.932132652685441,27.395044728273188
φ∞,Recursive Bloom,871,2090.367973093657,29.512709126747414,-10.450073052355137,-27.60065168072017
φ∞,Recursive Bloom,872,2092.7679363233856,29.5296461204668,26.364652651363432,13.300567302673782
φ∞,Recursive Bloom,873,2095.1678995531142,29.546573405388315,-28.44117246632882,8.006229370967326
φ∞,Recursive Bloom,874,2097.567862782843,29.563490998188964,15.572416453789506,-25.1296606779667
φ∞,Recursive Bloom,875,2099.9678260125715,29.58039891549808,5.495367744408386,29.06545945540369
φ∞,Recursive Bloom,876,2102.3677892423,29.597297173897484,-23.699079643255352,-17.730020419126422
φ∞,Recursive Bloom,877,2104.767752472029,29.614185789921695,29.46822585503324,-2.936607729464456
φ∞,Recursive Bloom,878,2107.1677157017575,29.631064780058107,-19.75655671026813,22.08344327667131
φ∞,Recursive Bloom,879,2109.567678931486,29.647934160747187,-0.34948039200445774,-29.645874307491834
φ∞,Recursive Bloom,880,2111.967642161215,29.664793948382652,20.294730698900917,21.63617123843978
φ∞,Recursive Bloom,881,2114.3676053909435,29.68164415931166,-29.596528373761796,-2.246220875406723
φ∞,Recursive Bloom,882,2116.767568620672,29.698484809834994,23.3541023638944,-18.346277627266577
φ∞,Recursive Bloom,883,2119.167531850401,29.715315916207253,-4.83059188992213,29.320050852497147
φ∞,Recursive Bloom,884,2121.5674950801294,29.732137494637012,-16.25267694758548,-24.896796822832925
φ∞,Recursive Bloom,885,2123.967458309858,29.748949561287034,28.81804876397888,7.383770407924097
φ∞,Recursive Bloom,886,2126.3674215395868,29.765752132274432,-26.252016621549053,14.029669393892073
φ∞,Recursive Bloom,887,2128.7673847693154,29.782545223670862,9.886088874939787,-28.093864930920272
φ∞,Recursive Bloom,888,2131.167347999044,29.79932885150268,11.694025155238764,27.408936055028533
φ∞,Recursive Bloom,889,2133.5673112287727,29.816103031751148,-27.15255619103912,-12.318226020513782
φ∞,Recursive Bloom,890,2135.9672744585014,29.832867780352597,28.358228081412978,-9.263417300465346
φ∞,Recursive Bloom,891,2138.36723768823,29.8496231131986,-14.661356128887496,26.00085837932919
φ∞,Recursive Bloom,892,2140.7672009179587,29.866369046136157,-6.756287976796708,-29.092139364003334
φ∞,Recursive Bloom,893,2143.1671641476873,29.88310559496787,24.64713832014102,16.89729483165386
φ∞,Recursive Bloom,894,2145.567127377416,29.899832775452108,-29.604553378221272,4.191708395874806
φ∞,Recursive Bloom,895,2147.9670906071447,29.916550603303182,19.00864029279749,-23.101333169733635
φ∞,Recursive Bloom,896,2150.3670538368733,29.93325909419153,1.5892336708940116,29.89104107152002
φ∞,Recursive Bloom,897,2152.767017066602,29.949958263743873,-21.37487754810399,-20.978908689528158
φ∞,Recursive Bloom,898,2155.1669802963306,29.966648127543394,29.948898658950963,1.0312463895138906
φ∞,Recursive Bloom,899,2157.5669435260593,29.9833287011299,-22.792662933832627,19.480618993879336
φ∞,Recursive Bloom,900,2159.966906755788,30.0,3.6496593914483104,-29.77717223522766
φ∞,Recursive Bloom,901,2162.3668699855166,30.01666203960727,17.432722367130044,24.43563362940613
φ∞,Recursive Bloom,902,2164.7668332152452,30.033314835362415,-29.37666898493581,-6.245904205918522
φ∞,Recursive Bloom,903,2167.166796444974,30.04995840263344,25.894831316212993,-15.246563911415416
φ∞,Recursive Bloom,904,2169.5667596747026,30.066592756745816,-8.800005379055749,28.749954875244413
φ∞,Recursive Bloom,905,2171.966722904431,30.083217912982647,-12.938615767537883,-27.158649119940044
φ∞,Recursive Bloom,906,2174.36668613416,30.099833886584822,27.901338819293276,11.292266915504522
φ∞,Recursive Bloom,907,2176.7666493638885,30.116440692751194,-28.21695499556084,10.526321806713593
φ∞,Recursive Bloom,908,2179.166612593617,30.133038346638727,13.703424250389691,-26.836843402565655
φ∞,Recursive Bloom,909,2181.566575823346,30.14962686336267,8.027965719577583,29.061172832583463
φ∞,Recursive Bloom,910,2183.9665390530745,30.166206257996713,-25.564162368202048,-16.014793236636006
φ∞,Recursive Bloom,911,2186.366502282803,30.18277654557314,29.684351773719648,-5.462532359086506
φ∞,Recursive Bloom,912,2188.766465512532,30.199337741083,-18.208414994859474,24.092605159570784
φ∞,Recursive Bloom,913,2191.1664287422605,30.215889859476256,-2.8495633894703194,-30.081223188051883
φ∞,Recursive Bloom,914,2193.566391971989,30.23243291566195,22.433028918691875,20.267195502415575
φ∞,Recursive Bloom,915,2195.9663552017178,30.24896692450835,-30.2482448336102,0.2090083394841918
φ∞,Recursive Bloom,916,2198.3663184314464,30.265491900843113,22.175038836271046,-20.597758436535543
φ∞,Recursive Bloom,917,2200.766281661175,30.28200785945344,-2.4389278040493636,30.183631841887994
φ∞,Recursive Bloom,918,2203.1662448909037,30.298514815086232,-18.600494645028718,-23.91697303088871
φ∞,Recursive Bloom,919,2205.5662081206324,30.315012782448235,29.887374257482357,5.073939297348828
φ∞,Recursive Bloom,920,2207.966171350361,30.331501776206203,-25.479267566937928,16.45621233007113
φ∞,Recursive Bloom,921,2210.3661345800897,30.347981810987037,7.67577545021573,-29.36124096896903
φ∞,Recursive Bloom,922,2212.766097809818,30.364452901377952,14.181047829300974,26.849541568955658
φ∞,Recursive Bloom,923,2215.1660610395465,30.380915061926625,-28.608769971532457,-10.22439634970901
φ∞,Recursive Bloom,924,2217.566024269275,30.397368307141328,28.016861859681267,-11.79217755698824
φ∞,Recursive Bloom,925,2219.965987499004,30.4138126514911,-12.700127298860512,27.635245006924364
φ∞,Recursive Bloom,926,2222.3659507287325,30.430248109405877,-9.307688271087363,-28.971830094908793
φ∞,Recursive Bloom,927,2224.765913958461,30.44667469527666,26.447658731370502,15.083810779407225
φ∞,Recursive Bloom,928,2227.16587718819,30.463092423455635,-29.706658285343185,6.746440062570145
φ∞,Recursive Bloom,929,2229.5658404179185,30.479501308256342,17.356954764506852,-25.054662665916357
φ∞,Recursive Bloom,930,2231.965803647647,30.495901363953813,4.127923105670709,30.21523209961608
φ∞,Recursive Bloom,931,2234.365766877376,30.512292604784715,-23.466504286117804,-19.501876232547854
φ∞,Recursive Bloom,932,2236.7657301071044,30.528675044947494,30.493161435534198,-1.4721092576470618
φ∞,Recursive Bloom,933,2239.165693336833,30.54504869860253,-21.50183876795193,21.694951707643867
φ∞,Recursive Bloom,934,2241.5656565665618,30.56141357987225,1.2007003613131608,-30.53781784349272
φ∞,Recursive Bloom,935,2243.9656197962904,30.577769702841312,19.753206520818786,23.34118317793428
φ∞,Recursive Bloom,936,2246.365583026019,30.59411708155671,-30.348358486311767,-3.8700306441045544
φ∞,Recursive Bloom,937,2248.7655462557477,30.610455730027933,25.00545010569904,-17.655805419504258
φ∞,Recursive Bloom,938,2251.1655094854764,30.62678566222711,-6.5153894402666115,29.925736422712518
φ∞,Recursive Bloom,939,2253.565472715205,30.643106892089126,-15.418511357322743,-26.481493680004334
φ∞,Recursive Bloom,940,2255.9654359449337,30.659419433511783,29.2726971064618,9.116424963402217
φ∞,Recursive Bloom,941,2258.3653991746623,30.675723300355934,-27.757585308005684,13.05819504636023
φ∞,Recursive Bloom,942,2260.765362404391,30.692018506445613,11.653082452665911,-28.39376109907544
φ∞,Recursive Bloom,943,2263.1653256341197,30.708305065568176,10.59270768951864,28.823506792276557
φ∞,Recursive Bloom,944,2265.5652888638483,30.72458299147443,-27.295193100067856,-14.105758881747832
φ∞,Recursive Bloom,945,2267.965252093577,30.740852297878796,29.67063203335626,-8.040745907014688
φ∞,Recursive Bloom,946,2270.3652153233056,30.757112998459398,-16.455454521288935,25.98495750425218
φ∞,Recursive Bloom,947,2272.7651785530343,30.773365106858236,-5.4217098795968175,-30.291996665480507
φ∞,Recursive Bloom,948,2275.165141782763,30.789608636681304,24.47266079971651,18.683920182392637
φ∞,Recursive Bloom,949,2277.5651050124916,30.805843601498726,-30.68235506465656,2.7555557853804755
φ∞,Recursive Bloom,950,2279.9650682422202,30.822070014844883,20.773798999699526,-22.769481222023547
φ∞,Recursive Bloom,951,2282.365031471949,30.83828789021855,0.06264365335136197,30.83822426425839
φ∞,Recursive Bloom,952,2284.7649947016776,30.854497241083024,-20.88808617911233,-22.70876165214599
φ∞,Recursive Bloom,953,2287.164957931406,30.870698080866262,30.75791441310734,2.6364182058170385
φ∞,Recursive Bloom,954,2289.564921161135,30.886890422961002,-24.473633967747425,18.8425380565549
φ∞,Recursive Bloom,955,2291.9648843908635,30.903074280724887,5.3209310022474225,-30.441545513809285
φ∞,Recursive Bloom,956,2294.364847620592,30.919249667480614,16.648189103495653,26.054515915177706
φ∞,Recursive Bloom,957,2296.764810850321,30.93541659651604,-29.891050284154176,-7.970264293620797
φ∞,Recursive Bloom,958,2299.1647740800495,30.95157508108432,27.438891049141606,-14.32156618506986
φ∞,Recursive Bloom,959,2301.564737309778,30.967725134404045,-10.56401461682253,29.11016309084441
φ∞,Recursive Bloom,960,2303.964700539507,30.983866769659336,-11.880246266691202,-28.615725548075307
φ∞,Recursive Bloom,961,2306.3646637692354,31.0,28.10439501188614,13.08216270407417
φ∞,Recursive Bloom,962,2308.764626998964,31.016124838541646,-29.57555606102817,9.342723568691314
φ∞,Recursive Bloom,963,2311.1645902286928,31.0322412983658,15.505228071542636,-26.880995190830383
φ∞,Recursive Bloom,964,2313.5645534584214,31.04834939252005,6.72826939581092,30.310565665084415
φ∞,Recursive Bloom,965,2315.96451668815,31.064449134018133,-25.448898751863776,-17.814419786155998
φ∞,Recursive Bloom,966,2318.3644799178787,31.080540535840107,30.814647324739777,-4.056785704459585
φ∞,Recursive Bloom,967,2320.7644431476074,31.096623610932426,-19.991782243322987,23.818661648706367
φ∞,Recursive Bloom,968,2323.164406377336,31.11269837220809,-1.3486535210141686,-31.08345433957198
φ∞,Recursive Bloom,969,2325.5643696070647,31.12876483254676,22.002382921569822,22.020334824262157
φ∞,Recursive Bloom,970,2327.9643328367933,31.144823004794873,-31.114437365614293,-1.375422633689545
φ∞,Recursive Bloom,971,2330.364296066522,31.160872901765767,23.884204346437198,-20.013614934279886
φ∞,Recursive Bloom,972,2332.7642592962507,31.176914536239792,-4.09457312544092,30.90686769830319
φ∞,Recursive Bloom,973,2335.1642225259793,31.192947920964443,-17.86726225731035,-25.568749273839988
φ∞,Recursive Bloom,974,2337.564185755708,31.20897306865447,30.4618466099424,6.787923181087205
φ∞,Recursive Bloom,975,2339.9641489854366,31.22498999199199,-27.06067471516909,15.57946995118281
φ∞,Recursive Bloom,976,2342.3641122151653,31.240998703626616,9.434753229375056,-29.78230064150177
φ∞,Recursive Bloom,977,2344.764075444894,31.25699921617557,13.16750208776403,28.348137306862508
φ∞,Recursive Bloom,978,2347.1640386746226,31.272991542223778,-28.8729628564318,-12.014658375963478
φ∞,Recursive Bloom,979,2349.5640019043512,31.28897569432403,29.420839153944588,-10.649611423790121
φ∞,Recursive Bloom,980,2351.96396513408,31.304951684997057,-14.507705784547838,27.740340172193225
φ∞,Recursive Bloom,981,2354.3639283638086,31.32091952673165,-8.04490121085927,-30.270110084165783
φ∞,Recursive Bloom,982,2356.763891593537,31.336879231984796,26.39266699254586,16.894588749673083
φ∞,Recursive Bloom,983,2359.163854823266,31.352830813181765,-30.888977559328776,5.373180188611143
φ∞,Recursive Bloom,984,2361.5638180529945,31.368774282716245,19.156776269827706,-24.839845469482416
φ∞,Recursive Bloom,985,2363.963781282723,31.38470965295043,2.6548118623551753,31.272223681335777
φ∞,Recursive Bloom,986,2366.363744512452,31.400636936215164,-23.093372827214093,-21.276656961639674
φ∞,Recursive Bloom,987,2368.7637077421805,31.416556144810016,31.416428828648666,0.08944078741414711
φ∞,Recursive Bloom,988,2371.163670971909,31.432467291003423,-23.237676197211787,21.166256281013347
φ∞,Recursive Bloom,989,2373.563634201638,31.448370387032774,2.838573978740978,-31.32000156077925
φ∞,Recursive Bloom,990,2375.9635974313665,31.464265445104548,19.072916180216186,25.024465396536396
φ∞,Recursive Bloom,991,2378.363560661095,31.480152477394387,-30.983194533343895,-5.571503971906414
φ∞,Recursive Bloom,992,2380.7635238908238,31.496031496047245,26.622962465151804,-16.829078096530367
φ∞,Recursive Bloom,993,2383.1634871205524,31.51190251317746,-8.267228850728719,30.40810627332256
φ∞,Recursive Bloom,994,2385.563450350281,31.52776554086889,-14.451654665271594,-28.02052243331187
φ∞,Recursive Bloom,995,2387.9634135800097,31.54362059117501,29.598668772637303,10.904989999431704
φ∞,Recursive Bloom,996,2390.3633768097384,31.559467676119,-29.206017426444035,11.958618067579856
φ∞,Recursive Bloom,997,2392.763340039467,31.575306807693888,13.464432032926668,-28.560620967176085
φ∞,Recursive Bloom,998,2395.1633032691957,31.591137997862628,9.36886411542172,30.16992517701632
φ∞,Recursive Bloom,999,2397.5632664989243,31.606961258558215,-27.301468277096394,-15.925759947792098
